"genome"	"NC_047810"	"OM258170"	"MN840485"	"MZ501080"	"NC_047893"	"MN158206"	"MN158207"	"PQ433350"	"NC_047812"	"PP134917"	"PQ659294"	"MK907233"	"MK907235"	"MK907276"	"MK907228"	"MK907255"	"MK907254"	"MK907240"	"MK907247"	"MF630922"	"F63V"	"OR466728"	"PP944860"
"NC_047810"	100	82.978	65.989	66.179	64.311	66.938	66.946	66.008	67.429	66.453	66.588	68.702	68.7	68.697	68.689	68.688	68.672	68.576	68.697	47.569	60.361	55.797	55.941
"OM258170"	82.978	100	65.9	64.762	64.307	68.294	68.294	65.636	68.66	67.013	65.862	68.654	68.656	68.579	68.657	68.648	68.648	68.538	68.649	44.721	59.174	54.404	54.543
"MN840485"	65.989	65.9	100	74.014	70.286	68.893	68.99	71.793	75.189	72.786	69.303	72.508	72.638	72.606	72.636	72.638	72.614	72.543	72.636	51.97	65.451	59.009	59.175
"MZ501080"	66.179	64.762	74.014	100	65.998	69.505	69.517	67.217	69.537	69.123	65.066	70.562	70.688	70.607	70.681	70.682	70.682	70.609	70.681	47.624	61.881	58.02	58.266
"NC_047893"	64.311	64.307	70.286	65.998	100	69.315	69.323	68.097	72.951	71.003	66.983	67.234	67.355	67.355	67.343	67.355	67.235	67.235	67.352	48.456	60.723	56.74	56.907
"MN158206"	66.938	68.294	68.893	69.505	69.315	100	99.981	66.512	70.187	70.373	68.057	72.126	72.115	72.085	72.114	72.114	72.09	71.997	72.12	45.351	60.422	53.96	54.105
"MN158207"	66.946	68.294	68.99	69.517	69.323	99.981	100	66.517	70.192	70.379	68.066	72.223	72.212	72.182	72.211	72.211	72.186	72.094	72.217	45.466	60.436	53.967	54.113
"PQ433350"	66.008	65.636	71.793	67.217	68.097	66.512	66.517	100	79.405	76.601	69.281	70.348	70.481	70.445	70.468	70.476	70.45	70.428	70.474	51.552	65.657	59.523	59.684
"NC_047812"	67.429	68.66	75.189	69.537	72.951	70.187	70.192	79.405	100	87.704	70.527	73.159	73.266	73.274	73.257	73.273	73.241	73.22	73.282	49.065	65.615	59.302	59.47
"PP134917"	66.453	67.013	72.786	69.123	71.003	70.373	70.379	76.601	87.704	100	72.393	69.303	69.427	69.417	69.42	69.422	69.399	69.377	69.423	48.77	66.373	60.314	60.482
"PQ659294"	66.588	65.862	69.303	65.066	66.983	68.057	68.066	69.281	70.527	72.393	100	72.764	72.772	72.748	72.757	72.782	72.645	72.754	72.76	48.463	66.983	60.103	60.469
"MK907233"	68.702	68.654	72.508	70.562	67.234	72.126	72.223	70.348	73.159	69.303	72.764	100	100	99.998	99.998	99.998	99.998	99.998	99.998	48.186	64.162	56.835	56.995
"MK907235"	68.7	68.656	72.638	70.688	67.355	72.115	72.212	70.481	73.266	69.427	72.772	100	100	99.998	99.998	99.998	99.998	99.998	99.998	48.19	64.198	56.92	57.079
"MK907276"	68.697	68.579	72.606	70.607	67.355	72.085	72.182	70.445	73.274	69.417	72.748	99.998	99.998	100	100	100	100	100	100	48.284	64.14	56.937	57.096
"MK907228"	68.689	68.657	72.636	70.681	67.343	72.114	72.211	70.468	73.257	69.42	72.757	99.998	99.998	100	100	100	100	100	100	48.293	64.169	56.877	57.037
"MK907255"	68.688	68.648	72.638	70.682	67.355	72.114	72.211	70.476	73.273	69.422	72.782	99.998	99.998	100	100	100	100	100	100	48.19	64.18	56.911	57.07
"MK907254"	68.672	68.648	72.614	70.682	67.235	72.09	72.186	70.45	73.241	69.399	72.645	99.998	99.998	100	100	100	100	100	100	48.292	64.159	56.886	57.046
"MK907240"	68.576	68.538	72.543	70.609	67.235	71.997	72.094	70.428	73.22	69.377	72.754	99.998	99.998	100	100	100	100	100	100	48.19	64.185	56.912	57.072
"MK907247"	68.697	68.649	72.636	70.681	67.352	72.12	72.217	70.474	73.282	69.423	72.76	99.998	99.998	100	100	100	100	100	100	48.186	64.181	56.956	57.115
"MF630922"	47.569	44.721	51.97	47.624	48.456	45.351	45.466	51.552	49.065	48.77	48.463	48.186	48.19	48.284	48.293	48.19	48.292	48.19	48.186	100	54.256	54.659	54.794
"F63V"	60.361	59.174	65.451	61.881	60.723	60.422	60.436	65.657	65.615	66.373	66.983	64.162	64.198	64.14	64.169	64.18	64.159	64.185	64.181	54.256	100	78.698	78.808
"OR466728"	55.797	54.404	59.009	58.02	56.74	53.96	53.967	59.523	59.302	60.314	60.103	56.835	56.92	56.937	56.877	56.911	56.886	56.912	56.956	54.659	78.698	100	99.831
"PP944860"	55.941	54.543	59.175	58.266	56.907	54.105	54.113	59.684	59.47	60.482	60.469	56.995	57.079	57.096	57.037	57.07	57.046	57.072	57.115	54.794	78.808	99.831	100
