HNH_endonuclease	OZ035771.1	100.000	184	0	0	1	184	128526	127975	2.95e-105	329	184	144811
HNH_endonuclease	PV730300.1	100.000	184	0	0	1	184	42412	41861	2.95e-105	329	184	146712
HNH_endonuclease	OM386656.1	100.000	184	0	0	1	184	28425	27874	2.95e-105	329	184	149073
HNH_endonuclease	OM386659.1	100.000	184	0	0	1	184	41421	40870	2.95e-105	329	184	149194
HNH_endonuclease	OR352956.1	100.000	184	0	0	1	184	133156	132605	2.95e-105	329	184	149254
HNH_endonuclease	NC_052656.1	100.000	184	0	0	1	184	95059	94508	2.95e-105	329	184	149335
HNH_endonuclease	MN850648.1	100.000	184	0	0	1	184	95059	94508	2.95e-105	329	184	149335
HNH_endonuclease	OZ035728.1	100.000	184	0	0	1	184	132563	132012	2.95e-105	329	184	149471
HNH_endonuclease	MH160766.1	100.000	184	0	0	1	184	42550	41999	2.95e-105	329	184	149803
HNH_endonuclease	OR067838.1	100.000	184	0	0	1	184	108666	109217	2.95e-105	329	184	149856
HNH_endonuclease	PP129558.1	100.000	184	0	0	1	184	42259	41708	2.95e-105	329	184	149967
HNH_endonuclease	PQ826431.1	100.000	184	0	0	1	184	47308	46757	2.95e-105	329	184	151106
HNH_endonuclease	MK373788.1	100.000	184	0	0	1	184	42260	41709	2.95e-105	329	184	151194
HNH_endonuclease	NC_048196.1	100.000	184	0	0	1	184	42260	41709	2.95e-105	329	184	151194
HNH_endonuclease	MT496970.1	100.000	184	0	0	1	184	109838	110389	2.95e-105	329	184	151202
HNH_endonuclease	NC_052662.1	100.000	184	0	0	1	184	109838	110389	2.95e-105	329	184	151202
HNH_endonuclease	OP595145.1	100.000	184	0	0	1	184	43507	42956	2.95e-105	329	184	151363
HNH_endonuclease	OL505078.1	100.000	184	0	0	1	184	42537	41986	2.95e-105	329	184	151425
HNH_endonuclease	NC_052654.1	100.000	184	0	0	1	184	81462	82013	2.95e-105	329	184	151671
HNH_endonuclease	MH051333.1	100.000	184	0	0	1	184	81462	82013	2.95e-105	329	184	151671
HNH_endonuclease	OR352955.1	100.000	184	0	0	1	184	134422	133871	2.95e-105	329	184	152808
HNH_endonuclease	OZ035743.1	99.457	184	1	0	1	184	126999	126448	6.58e-105	328	184	142881
HNH_endonuclease	KX664695.3	99.457	184	1	0	1	184	41962	41411	6.58e-105	328	184	149268
HNH_endonuclease	NC_047776.2	99.457	184	1	0	1	184	41962	41411	6.58e-105	328	184	149268
HNH_endonuclease	OL631481.1	99.457	184	1	0	1	184	57825	58376	6.58e-105	328	184	149818
HNH_endonuclease	OM386667.1	99.457	184	1	0	1	184	44435	43884	6.58e-105	328	184	156300
HNH_endonuclease	OR544956.1	99.457	184	1	0	1	184	95681	96232	8.71e-105	328	184	130723
HNH_endonuclease	MN850598.1	99.457	184	1	0	1	184	11644	12195	8.72e-105	328	184	144998
HNH_endonuclease	NC_052659.1	99.457	184	1	0	1	184	11644	12195	8.72e-105	328	184	144998
HNH_endonuclease	JX561091.1	99.457	184	1	0	1	184	47919	47368	8.72e-105	328	184	147737
HNH_endonuclease	NC_020079.1	99.457	184	1	0	1	184	47919	47368	8.72e-105	328	184	147737
HNH_endonuclease	OR437326.1	99.457	184	1	0	1	184	22345	21794	8.72e-105	328	184	148445
HNH_endonuclease	OP562383.1	99.457	184	1	0	1	184	40753	40202	8.72e-105	328	184	148647
HNH_endonuclease	OQ031492.1	99.457	184	1	0	1	184	41959	41408	8.72e-105	328	184	149246
HNH_endonuclease	OR786310.1	99.457	184	1	0	1	184	53488	52937	8.72e-105	328	184	149880
HNH_endonuclease	NC_052660.1	99.457	184	1	0	1	184	114093	114644	8.72e-105	328	184	150473
HNH_endonuclease	MN850618.1	99.457	184	1	0	1	184	114093	114644	8.72e-105	328	184	150473
HNH_endonuclease	MW175890.1	99.457	184	1	0	1	184	134525	133974	8.72e-105	328	184	150892
HNH_endonuclease	NC_062742.1	99.457	184	1	0	1	184	134525	133974	8.72e-105	328	184	150892
HNH_endonuclease	NC_047994.1	99.457	184	1	0	1	184	25333	24782	8.72e-105	328	184	150925
HNH_endonuclease	MH252123.1	99.457	184	1	0	1	184	25333	24782	8.72e-105	328	184	150925
HNH_endonuclease	MZ726793.1	99.457	184	1	0	1	184	47603	47052	8.72e-105	328	184	151660
HNH_endonuclease	PV191315.1	99.457	184	1	0	1	184	5916	6467	8.72e-105	328	184	151674
HNH_endonuclease	OL739525.1	99.457	184	1	0	1	184	41348	40797	8.72e-105	328	184	151825
HNH_endonuclease	LR746137.1	99.457	184	1	0	1	184	35745	35194	8.72e-105	328	184	152148
HNH_endonuclease	MT944117.1	99.457	184	1	0	1	184	94098	93547	8.72e-105	328	184	152343
HNH_endonuclease	OM362897.1	99.457	184	1	0	1	184	19796	20347	8.72e-105	328	184	152401
HNH_endonuclease	MN850571.1	99.457	184	1	0	1	184	24109	24660	9.24e-105	328	184	151514
HNH_endonuclease	NC_052658.1	99.457	184	1	0	1	184	24109	24660	9.24e-105	328	184	151514
HNH_endonuclease	OP172791.1	99.457	184	1	0	1	184	106678	107229	1.21e-104	327	184	151113
HNH_endonuclease	OP172792.1	99.457	184	1	0	1	184	110576	111127	1.21e-104	327	184	151993
HNH_endonuclease	LR597654.1	99.457	184	1	0	1	184	49783	49232	1.31e-104	327	184	150152
HNH_endonuclease	PQ433349.1	98.370	184	3	0	1	184	23522	22971	2.19e-104	327	184	151245
HNH_endonuclease	KX552041.2	98.913	184	2	0	1	184	43847	43296	2.36e-104	327	184	149813
HNH_endonuclease	NC_047770.1	98.913	184	2	0	1	184	43847	43296	2.36e-104	327	184	149813
HNH_endonuclease	OR062524.1	98.913	184	2	0	1	184	41468	40917	2.36e-104	327	184	150431
HNH_endonuclease	OR062526.1	98.913	184	2	0	1	184	41468	40917	2.36e-104	327	184	151980
HNH_endonuclease	OR062529.1	98.913	184	2	0	1	184	41468	40917	2.36e-104	327	184	151980
HNH_endonuclease	NC_052661.1	98.370	184	3	0	1	184	80044	79493	2.58e-103	323	184	150947
HNH_endonuclease	MN850565.1	98.370	184	3	0	1	184	80044	79493	2.58e-103	323	184	150947
HNH_endonuclease	LC739537.1	82.873	181	31	0	1	181	76762	77304	7.92e-92	291	184	149831
HNH_endonuclease	LC739539.1	82.873	181	31	0	1	181	30151	29609	7.92e-92	291	184	150689
HNH_endonuclease	LC739533.1	81.522	184	34	0	1	184	34946	35497	1.35e-90	287	184	154443
HNH_endonuclease	LC739534.1	81.522	184	34	0	1	184	146916	147467	1.35e-90	287	184	154550
HNH_endonuclease	LC739535.1	81.522	184	34	0	1	184	88396	88947	1.35e-90	287	184	154550
