methyltransferase_CDS_0313	PV730300.1	100.000	264	264	146712	4.67e-179	545
methyltransferase_CDS_0313	OP562383.1	100.000	264	264	148647	4.67e-179	545
methyltransferase_CDS_0313	MH160766.1	100.000	264	264	149803	4.67e-179	545
methyltransferase_CDS_0313	NC_047994.1	100.000	264	264	150925	4.67e-179	545
methyltransferase_CDS_0313	MH252123.1	100.000	264	264	150925	4.67e-179	545
methyltransferase_CDS_0313	OP172791.1	100.000	264	264	151113	4.67e-179	545
methyltransferase_CDS_0313	MK373788.1	100.000	264	264	151194	4.67e-179	545
methyltransferase_CDS_0313	NC_048196.1	100.000	264	264	151194	4.67e-179	545
methyltransferase_CDS_0313	MT496970.1	100.000	264	264	151202	4.67e-179	545
methyltransferase_CDS_0313	NC_052662.1	100.000	264	264	151202	4.67e-179	545
methyltransferase_CDS_0313	OZ035743.1	99.621	264	264	142881	7.95e-179	544
methyltransferase_CDS_0313	OQ031492.1	99.621	264	264	149246	7.95e-179	544
methyltransferase_CDS_0313	KX664695.3	99.621	264	264	149268	7.95e-179	544
methyltransferase_CDS_0313	NC_047776.2	99.621	264	264	149268	7.95e-179	544
methyltransferase_CDS_0313	NC_052656.1	99.621	264	264	149335	7.95e-179	544
methyltransferase_CDS_0313	MN850648.1	99.621	264	264	149335	7.95e-179	544
methyltransferase_CDS_0313	OZ035728.1	99.621	264	264	149471	7.95e-179	544
methyltransferase_CDS_0313	KX552041.2	99.621	264	264	149813	7.95e-179	544
methyltransferase_CDS_0313	NC_047770.1	99.621	264	264	149813	7.95e-179	544
methyltransferase_CDS_0313	OL631481.1	99.621	264	264	149818	7.95e-179	544
methyltransferase_CDS_0313	OR067838.1	99.621	264	264	149856	7.95e-179	544
methyltransferase_CDS_0313	PP129558.1	99.621	264	264	149967	7.95e-179	544
methyltransferase_CDS_0313	LR597654.1	99.621	264	264	150152	7.95e-179	544
methyltransferase_CDS_0313	OR062524.1	99.621	264	264	150431	7.95e-179	544
methyltransferase_CDS_0313	MW175890.1	99.621	264	264	150892	7.95e-179	544
methyltransferase_CDS_0313	NC_062742.1	99.621	264	264	150892	7.95e-179	544
methyltransferase_CDS_0313	PQ826431.1	99.621	264	264	151106	7.95e-179	544
methyltransferase_CDS_0313	PQ433349.1	99.621	264	264	151245	7.95e-179	544
methyltransferase_CDS_0313	OP595145.1	99.621	264	264	151363	7.95e-179	544
methyltransferase_CDS_0313	OL505078.1	99.621	264	264	151425	7.95e-179	544
methyltransferase_CDS_0313	MN850571.1	99.621	264	264	151514	7.95e-179	544
methyltransferase_CDS_0313	NC_052658.1	99.621	264	264	151514	7.95e-179	544
methyltransferase_CDS_0313	MZ726793.1	99.621	264	264	151660	7.95e-179	544
methyltransferase_CDS_0313	PV191315.1	99.621	264	264	151674	7.95e-179	544
methyltransferase_CDS_0313	OP172792.1	99.621	264	264	151993	7.95e-179	544
methyltransferase_CDS_0313	LR746137.1	99.621	264	264	152148	7.95e-179	544
methyltransferase_CDS_0313	OR352955.1	99.621	264	264	152808	7.95e-179	544
methyltransferase_CDS_0313	OM386659.1	99.621	264	264	149194	8.93e-179	544
methyltransferase_CDS_0313	NC_052654.1	99.621	264	264	151671	8.93e-179	544
methyltransferase_CDS_0313	MH051333.1	99.621	264	264	151671	8.93e-179	544
methyltransferase_CDS_0313	OM386667.1	99.621	264	264	156300	8.93e-179	544
methyltransferase_CDS_0313	OR062526.1	99.242	264	264	151980	2.69e-178	542
methyltransferase_CDS_0313	OR062529.1	99.242	264	264	151980	2.69e-178	542
methyltransferase_CDS_0313	MT944117.1	98.864	264	264	152343	2.93e-178	542
methyltransferase_CDS_0313	OR437326.1	99.242	264	264	148445	2.96e-178	542
methyltransferase_CDS_0313	OM362897.1	99.242	264	264	152401	3.29e-178	542
methyltransferase_CDS_0313	MN850598.1	99.242	264	264	144998	3.46e-178	542
methyltransferase_CDS_0313	NC_052659.1	99.242	264	264	144998	3.46e-178	542
methyltransferase_CDS_0313	JX561091.1	99.620	263	264	147737	3.49e-178	542
methyltransferase_CDS_0313	NC_020079.1	99.620	263	264	147737	3.49e-178	542
methyltransferase_CDS_0313	OR544956.1	99.242	264	264	130723	8.41e-178	541
methyltransferase_CDS_0313	NC_052660.1	99.242	264	264	150473	8.42e-178	541
methyltransferase_CDS_0313	MN850618.1	99.242	264	264	150473	8.42e-178	541
methyltransferase_CDS_0313	OL739525.1	98.864	264	264	151825	2.01e-177	540
methyltransferase_CDS_0313	OR786310.1	98.485	264	264	149880	7.20e-177	538
methyltransferase_CDS_0313	NC_052661.1	97.727	264	264	150947	4.44e-176	536
methyltransferase_CDS_0313	MN850565.1	97.727	264	264	150947	4.44e-176	536
methyltransferase_CDS_0313	OZ035771.1	97.348	264	264	144811	1.62e-175	535
methyltransferase_CDS_0313	OM386656.1	97.348	264	264	149073	1.62e-175	535
methyltransferase_CDS_0313	OR352956.1	97.348	264	264	149254	1.62e-175	535
