RNA_ligase	OR352955.1	99.677	310	1	0	1	310	143536	142607	0.0	641	310	152808
RNA_ligase	OZ035728.1	99.355	310	2	0	1	310	141681	140752	0.0	639	310	149471
RNA_ligase	OZ035743.1	99.355	310	2	0	1	310	135522	134593	0.0	638	310	142881
RNA_ligase	MK373788.1	99.355	310	2	0	1	310	50786	49857	0.0	638	310	151194
RNA_ligase	MH160766.1	99.355	310	2	0	1	310	51076	50147	0.0	638	310	149803
RNA_ligase	KX664695.3	99.355	310	2	0	1	310	50488	49559	0.0	638	310	149268
RNA_ligase	NC_052654.1	99.355	310	2	0	1	310	72936	73865	0.0	638	310	151671
RNA_ligase	OM386667.1	99.355	310	2	0	1	310	52961	52032	0.0	638	310	156300
RNA_ligase	NC_047776.2	99.355	310	2	0	1	310	50488	49559	0.0	638	310	149268
RNA_ligase	MH051333.1	99.355	310	2	0	1	310	72936	73865	0.0	638	310	151671
RNA_ligase	NC_048196.1	99.355	310	2	0	1	310	50786	49857	0.0	638	310	151194
RNA_ligase	PV730300.1	98.387	310	5	0	1	310	50938	50009	0.0	636	310	146712
RNA_ligase	LR597654.1	99.032	310	3	0	1	310	58309	57380	0.0	636	310	150152
RNA_ligase	NC_052661.1	99.032	310	3	0	1	310	88570	87641	0.0	636	310	150947
RNA_ligase	MN850565.1	99.032	310	3	0	1	310	88570	87641	0.0	636	310	150947
RNA_ligase	KX552041.2	99.032	310	3	0	1	310	52373	51444	0.0	636	310	149813
RNA_ligase	NC_047770.1	99.032	310	3	0	1	310	52373	51444	0.0	636	310	149813
RNA_ligase	OL739525.1	98.710	310	4	0	1	310	49874	48945	0.0	635	310	151825
RNA_ligase	MT496970.1	98.710	310	4	0	1	310	101311	102240	0.0	635	310	151202
RNA_ligase	OL505078.1	98.387	310	5	0	1	310	51065	50136	0.0	635	310	151425
RNA_ligase	OR786310.1	98.710	310	4	0	1	310	62012	61083	0.0	635	310	149880
RNA_ligase	NC_052662.1	98.710	310	4	0	1	310	101311	102240	0.0	635	310	151202
RNA_ligase	OM386659.1	98.710	310	4	0	1	310	49947	49018	0.0	635	310	149194
RNA_ligase	PQ826431.1	98.387	310	5	0	1	310	56423	55494	0.0	634	310	151106
RNA_ligase	OL631481.1	98.710	310	4	0	1	310	49299	50228	0.0	634	310	149818
RNA_ligase	OM386656.1	98.710	310	4	0	1	310	36956	36027	0.0	634	310	149073
RNA_ligase	MN850571.1	98.710	310	4	0	1	310	15583	16512	0.0	634	310	151514
RNA_ligase	NC_052658.1	98.710	310	4	0	1	310	15583	16512	0.0	634	310	151514
RNA_ligase	OR062524.1	98.387	310	5	0	1	310	49994	49065	0.0	633	310	150431
RNA_ligase	NC_052656.1	98.387	310	5	0	1	310	103585	102656	0.0	633	310	149335
RNA_ligase	OR062526.1	98.387	310	5	0	1	310	50585	49656	0.0	633	310	151980
RNA_ligase	OR062529.1	98.387	310	5	0	1	310	50585	49656	0.0	633	310	151980
RNA_ligase	MN850648.1	98.387	310	5	0	1	310	103585	102656	0.0	633	310	149335
RNA_ligase	OZ035771.1	98.387	310	5	0	1	310	137052	136123	0.0	633	310	144811
RNA_ligase	OP172791.1	98.387	310	5	0	1	310	98152	99081	0.0	632	310	151113
RNA_ligase	PQ433349.1	98.387	310	5	0	1	310	32207	31278	0.0	632	310	151245
RNA_ligase	MW175890.1	98.065	310	6	0	1	310	143491	142562	0.0	631	310	150892
RNA_ligase	MT944117.1	98.065	310	6	0	1	310	102478	101549	0.0	631	310	152343
RNA_ligase	NC_062742.1	98.065	310	6	0	1	310	143491	142562	0.0	631	310	150892
RNA_ligase	OP595145.1	98.065	310	6	0	1	310	52033	51104	0.0	631	310	151363
RNA_ligase	PP129558.1	98.065	310	6	0	1	310	50785	49856	0.0	630	310	149967
RNA_ligase	OQ031492.1	97.419	310	8	0	1	310	50482	49553	0.0	629	310	149246
RNA_ligase	PV191315.1	97.419	310	8	0	1	310	149087	150016	0.0	629	310	151674
RNA_ligase	OR437326.1	97.742	310	7	0	1	310	30724	29795	0.0	628	310	148445
RNA_ligase	OM362897.1	97.419	310	8	0	1	310	11286	12215	0.0	628	310	152401
RNA_ligase	MZ726793.1	97.097	310	9	0	1	310	55979	55050	0.0	626	310	151660
RNA_ligase	OR067838.1	97.419	310	8	0	1	310	100142	101071	0.0	626	310	149856
RNA_ligase	OP562383.1	97.419	310	8	0	1	310	49276	48347	0.0	626	310	148647
RNA_ligase	NC_047994.1	97.419	310	8	0	1	310	33712	32783	0.0	626	310	150925
RNA_ligase	MH252123.1	97.419	310	8	0	1	310	33712	32783	0.0	626	310	150925
RNA_ligase	LR746137.1	97.419	310	8	0	1	310	44430	43501	0.0	625	310	152148
RNA_ligase	OP172792.1	97.097	310	9	0	1	310	102197	103126	0.0	624	310	151993
