major_head_protein_CDS_0039	LR597654.1	100.000	333	0	0	1	333	72869	73867	0.0	692	333	150152
major_head_protein_CDS_0039	OZ035743.1	100.000	333	0	0	1	333	7198	8196	0.0	692	333	142881
major_head_protein_CDS_0039	MK373788.1	100.000	333	0	0	1	333	65528	66526	0.0	692	333	151194
major_head_protein_CDS_0039	KX552041.2	100.000	333	0	0	1	333	66926	67924	0.0	692	333	149813
major_head_protein_CDS_0039	MH160766.1	100.000	333	0	0	1	333	65638	66636	0.0	692	333	149803
major_head_protein_CDS_0039	KX664695.3	100.000	333	0	0	1	333	65580	66578	0.0	692	333	149268
major_head_protein_CDS_0039	NC_052654.1	100.000	333	0	0	1	333	58380	57382	0.0	692	333	151671
major_head_protein_CDS_0039	NC_047770.1	100.000	333	0	0	1	333	66926	67924	0.0	692	333	149813
major_head_protein_CDS_0039	OM386667.1	100.000	333	0	0	1	333	68053	69051	0.0	692	333	156300
major_head_protein_CDS_0039	NC_047776.2	100.000	333	0	0	1	333	65580	66578	0.0	692	333	149268
major_head_protein_CDS_0039	MH051333.1	100.000	333	0	0	1	333	58380	57382	0.0	692	333	151671
major_head_protein_CDS_0039	OM386656.1	100.000	333	0	0	1	333	51291	52289	0.0	692	333	149073
major_head_protein_CDS_0039	PQ433349.1	100.000	333	0	0	1	333	46545	47543	0.0	692	333	151245
major_head_protein_CDS_0039	NC_048196.1	100.000	333	0	0	1	333	65528	66526	0.0	692	333	151194
major_head_protein_CDS_0039	OR062524.1	99.700	333	1	0	1	333	64549	65547	0.0	689	333	150431
major_head_protein_CDS_0039	MT496970.1	99.700	333	1	0	1	333	86833	85835	0.0	689	333	151202
major_head_protein_CDS_0039	MN850598.1	99.700	333	1	0	1	333	134423	133425	0.0	689	333	144998
major_head_protein_CDS_0039	MW175890.1	99.700	333	1	0	1	333	7170	8168	0.0	689	333	150892
major_head_protein_CDS_0039	NC_052661.1	99.700	333	1	0	1	333	103048	104046	0.0	689	333	150947
major_head_protein_CDS_0039	JX561091.1	99.700	333	1	0	1	333	68524	69522	0.0	689	333	147737
major_head_protein_CDS_0039	OQ031492.1	99.700	333	1	0	1	333	65567	66565	0.0	689	333	149246
major_head_protein_CDS_0039	OL505078.1	99.700	333	1	0	1	333	65767	66765	0.0	689	333	151425
major_head_protein_CDS_0039	NC_047994.1	99.700	333	1	0	1	333	48843	49841	0.0	689	333	150925
major_head_protein_CDS_0039	OR062526.1	99.700	333	1	0	1	333	65141	66139	0.0	689	333	151980
major_head_protein_CDS_0039	OR062529.1	99.700	333	1	0	1	333	65141	66139	0.0	689	333	151980
major_head_protein_CDS_0039	MN850565.1	99.700	333	1	0	1	333	103048	104046	0.0	689	333	150947
major_head_protein_CDS_0039	NC_052660.1	99.700	333	1	0	1	333	92045	91047	0.0	689	333	150473
major_head_protein_CDS_0039	MT944117.1	99.700	333	1	0	1	333	117046	118044	0.0	689	333	152343
major_head_protein_CDS_0039	NC_052659.1	99.700	333	1	0	1	333	134423	133425	0.0	689	333	144998
major_head_protein_CDS_0039	MZ726793.1	99.700	333	1	0	1	333	70545	71543	0.0	689	333	151660
major_head_protein_CDS_0039	OL631481.1	99.700	333	1	0	1	333	34770	33772	0.0	689	333	149818
major_head_protein_CDS_0039	NC_052662.1	99.700	333	1	0	1	333	86833	85835	0.0	689	333	151202
major_head_protein_CDS_0039	OR067838.1	99.700	333	1	0	1	333	85676	84678	0.0	689	333	149856
major_head_protein_CDS_0039	NC_062742.1	99.700	333	1	0	1	333	7170	8168	0.0	689	333	150892
major_head_protein_CDS_0039	OR544956.1	99.700	333	1	0	1	333	78184	77186	0.0	689	333	130723
major_head_protein_CDS_0039	PV191315.1	99.700	333	1	0	1	333	134612	133614	0.0	689	333	151674
major_head_protein_CDS_0039	OZ035771.1	99.700	333	1	0	1	333	7198	8196	0.0	689	333	144811
major_head_protein_CDS_0039	PP129558.1	99.700	333	1	0	1	333	65885	66883	0.0	689	333	149967
major_head_protein_CDS_0039	OR352956.1	99.700	333	1	0	1	333	5547	6545	0.0	689	333	149254
major_head_protein_CDS_0039	OP172792.1	99.700	333	1	0	1	333	87731	86733	0.0	689	333	151993
major_head_protein_CDS_0039	MN850618.1	99.700	333	1	0	1	333	92045	91047	0.0	689	333	150473
major_head_protein_CDS_0039	OP562383.1	99.700	333	1	0	1	333	63862	64860	0.0	689	333	148647
major_head_protein_CDS_0039	LR746137.1	99.700	333	1	0	1	333	58913	59911	0.0	689	333	152148
major_head_protein_CDS_0039	OP595145.1	99.700	333	1	0	1	333	66553	67551	0.0	689	333	151363
major_head_protein_CDS_0039	NC_020079.1	99.700	333	1	0	1	333	68524	69522	0.0	689	333	147737
major_head_protein_CDS_0039	OM386659.1	99.700	333	1	0	1	333	64415	65413	0.0	689	333	149194
major_head_protein_CDS_0039	OR352955.1	99.700	333	1	0	1	333	5283	6281	0.0	689	333	152808
major_head_protein_CDS_0039	OM362897.1	99.700	333	1	0	1	333	148604	147606	0.0	689	333	152401
major_head_protein_CDS_0039	MH252123.1	99.700	333	1	0	1	333	48843	49841	0.0	689	333	150925
major_head_protein_CDS_0039	MN850571.1	99.399	333	2	0	1	333	151269	150271	0.0	687	333	151514
major_head_protein_CDS_0039	NC_052658.1	99.399	333	2	0	1	333	151269	150271	0.0	687	333	151514
major_head_protein_CDS_0039	PV730300.1	99.099	333	3	0	1	333	65271	66269	0.0	687	333	146712
major_head_protein_CDS_0039	OL739525.1	99.099	333	3	0	1	333	64343	65341	0.0	687	333	151825
major_head_protein_CDS_0039	OP172791.1	99.099	333	3	0	1	333	83684	82686	0.0	687	333	151113
major_head_protein_CDS_0039	PQ826431.1	99.099	333	3	0	1	333	71022	72020	0.0	687	333	151106
major_head_protein_CDS_0039	NC_052656.1	99.099	333	3	0	1	333	118066	119064	0.0	687	333	149335
major_head_protein_CDS_0039	OR786310.1	99.099	333	3	0	1	333	76594	77592	0.0	687	333	149880
major_head_protein_CDS_0039	MN850648.1	99.099	333	3	0	1	333	118066	119064	0.0	687	333	149335
major_head_protein_CDS_0039	OR437326.1	99.399	333	2	0	1	333	45195	46193	0.0	686	333	148445
major_head_protein_CDS_0039	OZ035728.1	99.099	333	3	0	1	333	7198	8196	0.0	686	333	149471
major_head_protein_CDS_0039	LC739537.1	89.790	333	33	1	1	333	53099	52104	0.0	629	333	149831
major_head_protein_CDS_0039	LC739539.1	89.790	333	33	1	1	333	53814	54809	0.0	629	333	150689
major_head_protein_CDS_0039	LC739534.1	89.489	333	34	1	1	333	123279	122284	0.0	625	333	154550
major_head_protein_CDS_0039	LC739533.1	89.489	333	34	1	1	333	11309	10314	0.0	625	333	154443
major_head_protein_CDS_0039	LC739535.1	89.489	333	34	1	1	333	64759	63764	0.0	625	333	154550
