methyltransferase_CDS_0313	PV730300.1	100.000	264	0	0	1	264	103976	103185	4.67e-179	545	264	146712
methyltransferase_CDS_0313	OP562383.1	100.000	264	0	0	1	264	99430	98639	4.67e-179	545	264	148647
methyltransferase_CDS_0313	MH160766.1	100.000	264	0	0	1	264	101333	100542	4.67e-179	545	264	149803
methyltransferase_CDS_0313	NC_047994.1	100.000	264	0	0	1	264	88908	88117	4.67e-179	545	264	150925
methyltransferase_CDS_0313	MH252123.1	100.000	264	0	0	1	264	88908	88117	4.67e-179	545	264	150925
methyltransferase_CDS_0313	OP172791.1	100.000	264	0	0	1	264	46062	46853	4.67e-179	545	264	151113
methyltransferase_CDS_0313	MK373788.1	100.000	264	0	0	1	264	101098	100307	4.67e-179	545	264	151194
methyltransferase_CDS_0313	NC_048196.1	100.000	264	0	0	1	264	101098	100307	4.67e-179	545	264	151194
methyltransferase_CDS_0313	MT496970.1	100.000	264	0	0	1	264	50793	51584	4.67e-179	545	264	151202
methyltransferase_CDS_0313	NC_052662.1	100.000	264	0	0	1	264	50793	51584	4.67e-179	545	264	151202
methyltransferase_CDS_0313	OZ035743.1	99.621	264	1	0	1	264	41924	41133	7.95e-179	544	264	142881
methyltransferase_CDS_0313	OQ031492.1	99.621	264	1	0	1	264	104783	103992	7.95e-179	544	264	149246
methyltransferase_CDS_0313	KX664695.3	99.621	264	1	0	1	264	104798	104007	7.95e-179	544	264	149268
methyltransferase_CDS_0313	NC_047776.2	99.621	264	1	0	1	264	104798	104007	7.95e-179	544	264	149268
methyltransferase_CDS_0313	NC_052656.1	99.621	264	1	0	1	264	7691	6900	7.95e-179	544	264	149335
methyltransferase_CDS_0313	MN850648.1	99.621	264	1	0	1	264	7691	6900	7.95e-179	544	264	149335
methyltransferase_CDS_0313	OZ035728.1	99.621	264	1	0	1	264	46513	45722	7.95e-179	544	264	149471
methyltransferase_CDS_0313	KX552041.2	99.621	264	1	0	1	264	102494	101703	7.95e-179	544	264	149813
methyltransferase_CDS_0313	NC_047770.1	99.621	264	1	0	1	264	102494	101703	7.95e-179	544	264	149813
methyltransferase_CDS_0313	OL631481.1	99.621	264	1	0	1	264	146745	147536	7.95e-179	544	264	149818
methyltransferase_CDS_0313	OR067838.1	99.621	264	1	0	1	264	47262	48053	7.95e-179	544	264	149856
methyltransferase_CDS_0313	PP129558.1	99.621	264	1	0	1	264	105098	104307	7.95e-179	544	264	149967
methyltransferase_CDS_0313	LR597654.1	99.621	264	1	0	1	264	108438	107647	7.95e-179	544	264	150152
methyltransferase_CDS_0313	OR062524.1	99.621	264	1	0	1	264	102135	101344	7.95e-179	544	264	150431
methyltransferase_CDS_0313	MW175890.1	99.621	264	1	0	1	264	46164	45373	7.95e-179	544	264	150892
methyltransferase_CDS_0313	NC_062742.1	99.621	264	1	0	1	264	46164	45373	7.95e-179	544	264	150892
methyltransferase_CDS_0313	PQ826431.1	99.621	264	1	0	1	264	110345	109554	7.95e-179	544	264	151106
methyltransferase_CDS_0313	PQ433349.1	99.621	264	1	0	1	264	85381	84590	7.95e-179	544	264	151245
methyltransferase_CDS_0313	OP595145.1	99.621	264	1	0	1	264	104664	103873	7.95e-179	544	264	151363
methyltransferase_CDS_0313	OL505078.1	99.621	264	1	0	1	264	101337	100546	7.95e-179	544	264	151425
methyltransferase_CDS_0313	MN850571.1	99.621	264	1	0	1	264	109793	110584	7.95e-179	544	264	151514
methyltransferase_CDS_0313	NC_052658.1	99.621	264	1	0	1	264	109793	110584	7.95e-179	544	264	151514
methyltransferase_CDS_0313	MZ726793.1	99.621	264	1	0	1	264	109027	108236	7.95e-179	544	264	151660
methyltransferase_CDS_0313	PV191315.1	99.621	264	1	0	1	264	96114	96905	7.95e-179	544	264	151674
methyltransferase_CDS_0313	OP172792.1	99.621	264	1	0	1	264	48465	49256	7.95e-179	544	264	151993
methyltransferase_CDS_0313	LR746137.1	99.621	264	1	0	1	264	97578	96787	7.95e-179	544	264	152148
methyltransferase_CDS_0313	OR352955.1	99.621	264	1	0	1	264	44709	43918	7.95e-179	544	264	152808
methyltransferase_CDS_0313	OM386659.1	99.621	264	1	0	1	264	99982	99191	8.93e-179	544	264	149194
methyltransferase_CDS_0313	NC_052654.1	99.621	264	1	0	1	264	19148	19939	8.93e-179	544	264	151671
methyltransferase_CDS_0313	MH051333.1	99.621	264	1	0	1	264	19148	19939	8.93e-179	544	264	151671
methyltransferase_CDS_0313	OM386667.1	99.621	264	1	0	1	264	107271	106480	8.93e-179	544	264	156300
methyltransferase_CDS_0313	OR062526.1	99.242	264	2	0	1	264	103460	102669	2.69e-178	542	264	151980
methyltransferase_CDS_0313	OR062529.1	99.242	264	2	0	1	264	103460	102669	2.69e-178	542	264	151980
methyltransferase_CDS_0313	MT944117.1	98.864	264	3	0	1	264	3193	2402	2.93e-178	542	264	152343
methyltransferase_CDS_0313	OR437326.1	99.242	264	2	0	1	264	84775	83984	2.96e-178	542	264	148445
methyltransferase_CDS_0313	OM362897.1	99.242	264	2	0	1	264	109936	110727	3.29e-178	542	264	152401
methyltransferase_CDS_0313	MN850598.1	99.242	264	2	0	1	264	94553	95344	3.46e-178	542	264	144998
methyltransferase_CDS_0313	NC_052659.1	99.242	264	2	0	1	264	94553	95344	3.46e-178	542	264	144998
methyltransferase_CDS_0313	JX561091.1	99.620	263	1	0	1	263	107015	106227	3.49e-178	542	264	147737
methyltransferase_CDS_0313	NC_020079.1	99.620	263	1	0	1	263	107015	106227	3.49e-178	542	264	147737
methyltransferase_CDS_0313	OR544956.1	99.242	264	2	0	1	264	46346	47137	8.41e-178	541	264	130723
methyltransferase_CDS_0313	NC_052660.1	99.242	264	2	0	1	264	54210	55001	8.42e-178	541	264	150473
methyltransferase_CDS_0313	MN850618.1	99.242	264	2	0	1	264	54210	55001	8.42e-178	541	264	150473
methyltransferase_CDS_0313	OL739525.1	98.864	264	3	0	1	264	102317	101526	2.01e-177	540	264	151825
methyltransferase_CDS_0313	OR786310.1	98.485	264	4	0	1	264	114557	113766	7.20e-177	538	264	149880
methyltransferase_CDS_0313	NC_052661.1	97.727	264	6	0	1	264	142942	142151	4.44e-176	536	264	150947
methyltransferase_CDS_0313	MN850565.1	97.727	264	6	0	1	264	142942	142151	4.44e-176	536	264	150947
methyltransferase_CDS_0313	OZ035771.1	97.348	264	7	0	1	264	45491	44700	1.62e-175	535	264	144811
methyltransferase_CDS_0313	OM386656.1	97.348	264	7	0	1	264	86861	86070	1.62e-175	535	264	149073
methyltransferase_CDS_0313	OR352956.1	97.348	264	7	0	1	264	44341	43550	1.62e-175	535	264	149254
