main_tail_fiber_CDS_0011	MZ726793.1	98.368	674	8	1	1	674	98274	100286	0.0	1264	674	151660
main_tail_fiber_CDS_0011	LR746137.1	99.407	674	4	0	1	674	86250	88271	0.0	1263	674	152148
main_tail_fiber_CDS_0011	JX561091.1	99.258	674	5	0	1	674	96254	98275	0.0	1263	674	147737
main_tail_fiber_CDS_0011	NC_020079.1	99.258	674	5	0	1	674	96254	98275	0.0	1263	674	147737
main_tail_fiber_CDS_0011	PQ433349.1	99.110	674	6	0	1	674	73849	75870	0.0	1262	674	151245
main_tail_fiber_CDS_0011	OP595145.1	99.110	674	6	0	1	674	93860	95881	0.0	1262	674	151363
main_tail_fiber_CDS_0011	LR597654.1	99.258	674	5	0	1	674	97677	99698	0.0	1261	674	150152
main_tail_fiber_CDS_0011	OR062524.1	99.258	674	5	0	1	674	91374	93395	0.0	1261	674	150431
main_tail_fiber_CDS_0011	OR437326.1	98.516	674	4	1	1	674	72732	74735	0.0	1261	674	148445
main_tail_fiber_CDS_0011	OR062526.1	99.258	674	5	0	1	674	91964	93985	0.0	1261	674	151980
main_tail_fiber_CDS_0011	OR062529.1	99.258	674	5	0	1	674	91964	93985	0.0	1261	674	151980
main_tail_fiber_CDS_0011	MH160766.1	99.258	674	5	0	1	674	90445	92466	0.0	1261	674	149803
main_tail_fiber_CDS_0011	OR352955.1	99.258	674	5	0	1	674	32821	34842	0.0	1261	674	152808
main_tail_fiber_CDS_0011	MT496970.1	99.110	674	6	0	1	674	62026	60005	0.0	1260	674	151202
main_tail_fiber_CDS_0011	NC_047994.1	98.961	674	7	0	1	674	76944	78965	0.0	1260	674	150925
main_tail_fiber_CDS_0011	NC_052662.1	99.110	674	6	0	1	674	62026	60005	0.0	1260	674	151202
main_tail_fiber_CDS_0011	OZ035728.1	99.110	674	6	0	1	674	34407	36428	0.0	1260	674	149471
main_tail_fiber_CDS_0011	OP562383.1	99.110	674	6	0	1	674	88669	90690	0.0	1260	674	148647
main_tail_fiber_CDS_0011	OM386659.1	99.110	674	6	0	1	674	89221	91242	0.0	1260	674	149194
main_tail_fiber_CDS_0011	MH252123.1	98.961	674	7	0	1	674	76944	78965	0.0	1260	674	150925
main_tail_fiber_CDS_0011	MW175890.1	99.110	674	6	0	1	674	34668	36689	0.0	1259	674	150892
main_tail_fiber_CDS_0011	NC_062742.1	99.110	674	6	0	1	674	34668	36689	0.0	1259	674	150892
main_tail_fiber_CDS_0011	MT944117.1	99.110	674	6	0	1	674	144775	146796	0.0	1259	674	152343
main_tail_fiber_CDS_0011	OZ035743.1	98.961	674	7	0	1	674	32008	34029	0.0	1259	674	142881
main_tail_fiber_CDS_0011	MK373788.1	98.961	674	7	0	1	674	90335	92356	0.0	1259	674	151194
main_tail_fiber_CDS_0011	KX664695.3	98.961	674	7	0	1	674	93312	95333	0.0	1259	674	149268
main_tail_fiber_CDS_0011	NC_047776.2	98.961	674	7	0	1	674	93312	95333	0.0	1259	674	149268
main_tail_fiber_CDS_0011	OR352956.1	98.961	674	7	0	1	674	32615	34636	0.0	1259	674	149254
main_tail_fiber_CDS_0011	NC_048196.1	98.961	674	7	0	1	674	90335	92356	0.0	1259	674	151194
main_tail_fiber_CDS_0011	PV191315.1	99.110	674	6	0	1	674	106875	104854	0.0	1258	674	151674
main_tail_fiber_CDS_0011	OL739525.1	98.813	674	8	0	1	674	91518	93539	0.0	1257	674	151825
main_tail_fiber_CDS_0011	OR786310.1	98.813	674	8	0	1	674	103807	105828	0.0	1257	674	149880
main_tail_fiber_CDS_0011	OM386656.1	98.961	674	7	0	1	674	76100	78121	0.0	1256	674	149073
main_tail_fiber_CDS_0011	OM386667.1	98.813	674	8	0	1	674	95785	97806	0.0	1256	674	156300
main_tail_fiber_CDS_0011	OL505078.1	98.665	674	9	0	1	674	90574	92595	0.0	1255	674	151425
main_tail_fiber_CDS_0011	KX552041.2	98.516	674	10	0	1	674	91734	93755	0.0	1254	674	149813
main_tail_fiber_CDS_0011	OP172791.1	98.665	674	9	0	1	674	56823	54802	0.0	1254	674	151113
main_tail_fiber_CDS_0011	NC_047770.1	98.516	674	10	0	1	674	91734	93755	0.0	1254	674	149813
main_tail_fiber_CDS_0011	NC_052654.1	98.368	674	11	0	1	674	30643	28622	0.0	1253	674	151671
main_tail_fiber_CDS_0011	MH051333.1	98.368	674	11	0	1	674	30643	28622	0.0	1253	674	151671
main_tail_fiber_CDS_0011	OZ035771.1	98.368	674	11	0	1	674	34687	36708	0.0	1252	674	144811
main_tail_fiber_CDS_0011	OR067838.1	98.368	674	11	0	1	674	58022	56001	0.0	1251	674	149856
main_tail_fiber_CDS_0011	PP129558.1	98.368	674	11	0	1	674	93614	95635	0.0	1251	674	149967
main_tail_fiber_CDS_0011	OP172792.1	98.813	674	8	0	1	674	60004	57983	0.0	1238	674	151993
main_tail_fiber_CDS_0011	PV730300.1	98.665	674	9	0	1	674	93659	95680	0.0	1238	674	146712
main_tail_fiber_CDS_0011	PQ826431.1	98.665	674	9	0	1	674	97793	99814	0.0	1238	674	151106
main_tail_fiber_CDS_0011	OQ031492.1	98.665	674	9	0	1	674	93297	95318	0.0	1236	674	149246
main_tail_fiber_CDS_0011	MN850598.1	93.620	674	43	0	1	674	107338	105317	0.0	1188	674	144998
main_tail_fiber_CDS_0011	NC_052660.1	93.620	674	43	0	1	674	64960	62939	0.0	1188	674	150473
main_tail_fiber_CDS_0011	NC_052659.1	93.620	674	43	0	1	674	107338	105317	0.0	1188	674	144998
main_tail_fiber_CDS_0011	MN850618.1	93.620	674	43	0	1	674	64960	62939	0.0	1188	674	150473
main_tail_fiber_CDS_0011	NC_052661.1	93.769	674	42	0	1	674	131226	133247	0.0	1186	674	150947
main_tail_fiber_CDS_0011	MN850565.1	93.769	674	42	0	1	674	131226	133247	0.0	1186	674	150947
main_tail_fiber_CDS_0011	OL631481.1	93.620	674	43	0	1	674	7679	5658	0.0	1184	674	149818
main_tail_fiber_CDS_0011	NC_052656.1	93.472	674	44	0	1	674	145540	147561	0.0	1182	674	149335
main_tail_fiber_CDS_0011	MN850648.1	93.472	674	44	0	1	674	145540	147561	0.0	1182	674	149335
main_tail_fiber_CDS_0011	MN850571.1	93.620	674	43	0	1	674	121914	119893	0.0	1180	674	151514
main_tail_fiber_CDS_0011	NC_052658.1	93.620	674	43	0	1	674	121914	119893	0.0	1180	674	151514
main_tail_fiber_CDS_0011	LC739534.1	79.295	681	134	2	1	674	99529	97487	0.0	1038	674	154550
main_tail_fiber_CDS_0011	LC739533.1	79.295	681	134	2	1	674	141854	139812	0.0	1038	674	154443
main_tail_fiber_CDS_0011	LC739535.1	79.295	681	134	2	1	674	41009	38967	0.0	1038	674	154550
main_tail_fiber_CDS_0011	LC739537.1	78.414	681	140	2	1	674	28260	26218	0.0	1026	674	149831
main_tail_fiber_CDS_0011	LC739539.1	78.414	681	140	2	1	674	78653	80695	0.0	1026	674	150689
main_tail_fiber_CDS_0011	OM362897.1	96.763	556	18	0	119	674	120342	118675	0.0	994	674	152401
main_tail_fiber_CDS_0011	OM362897.1	100.000	132	0	0	1	132	120772	120377	8.05e-78	270	674	152401
main_tail_fiber_CDS_0011	OM362897.1	31.402	328	166	12	79	350	120228	119254	8.11e-21	96.3	674	152401
main_tail_fiber_CDS_0011	OR544956.1	99.057	318	3	0	1	318	55429	54476	0.0	637	674	130723
main_tail_fiber_CDS_0011	OR544956.1	99.474	190	1	0	485	674	54463	53894	3.39e-113	374	674	130723
