RNR_large_subunit	LR597654.1	99.196	746	6	0	1	746	46799	44562	0.0	1524	746	150152
RNR_large_subunit	MK373788.1	99.196	746	6	0	1	746	39276	37039	0.0	1524	746	151194
RNR_large_subunit	MH160766.1	99.196	746	6	0	1	746	39566	37329	0.0	1524	746	149803
RNR_large_subunit	OL739525.1	99.196	746	6	0	1	746	38364	36127	0.0	1524	746	151825
RNR_large_subunit	MW175890.1	99.196	746	6	0	1	746	131541	129304	0.0	1524	746	150892
RNR_large_subunit	OL505078.1	99.196	746	6	0	1	746	39553	37316	0.0	1524	746	151425
RNR_large_subunit	OR067838.1	99.196	746	6	0	1	746	111653	113890	0.0	1524	746	149856
RNR_large_subunit	NC_062742.1	99.196	746	6	0	1	746	131541	129304	0.0	1524	746	150892
RNR_large_subunit	MN850571.1	99.196	746	6	0	1	746	27093	29330	0.0	1524	746	151514
RNR_large_subunit	NC_052658.1	99.196	746	6	0	1	746	27093	29330	0.0	1524	746	151514
RNR_large_subunit	PP129558.1	99.196	746	6	0	1	746	39275	37038	0.0	1524	746	149967
RNR_large_subunit	LR746137.1	99.196	746	6	0	1	746	32761	30524	0.0	1524	746	152148
RNR_large_subunit	NC_048196.1	99.196	746	6	0	1	746	39276	37039	0.0	1524	746	151194
RNR_large_subunit	JX561091.1	99.062	746	7	0	1	746	44935	42698	0.0	1523	746	147737
RNR_large_subunit	MT944117.1	99.062	746	7	0	1	746	91114	88877	0.0	1523	746	152343
RNR_large_subunit	MZ726793.1	99.062	746	7	0	1	746	44619	42382	0.0	1523	746	151660
RNR_large_subunit	NC_020079.1	99.062	746	7	0	1	746	44935	42698	0.0	1523	746	147737
RNR_large_subunit	NC_052656.1	99.062	746	7	0	1	746	92075	89838	0.0	1522	746	149335
RNR_large_subunit	MN850648.1	99.062	746	7	0	1	746	92075	89838	0.0	1522	746	149335
RNR_large_subunit	OP172791.1	99.062	746	7	0	1	746	109662	111899	0.0	1521	746	151113
RNR_large_subunit	OZ035743.1	98.928	746	8	0	1	746	124015	121778	0.0	1520	746	142881
RNR_large_subunit	MT496970.1	98.928	746	8	0	1	746	112822	115059	0.0	1520	746	151202
RNR_large_subunit	NC_052661.1	98.928	746	8	0	1	746	77060	74823	0.0	1520	746	150947
RNR_large_subunit	MN850565.1	98.928	746	8	0	1	746	77060	74823	0.0	1520	746	150947
RNR_large_subunit	NC_052660.1	98.928	746	8	0	1	746	117077	119314	0.0	1520	746	150473
RNR_large_subunit	NC_052662.1	98.928	746	8	0	1	746	112822	115059	0.0	1520	746	151202
RNR_large_subunit	OR544956.1	98.928	746	8	0	1	746	98665	100902	0.0	1520	746	130723
RNR_large_subunit	PV191315.1	98.928	746	8	0	1	746	8900	11137	0.0	1520	746	151674
RNR_large_subunit	MN850618.1	98.928	746	8	0	1	746	117077	119314	0.0	1520	746	150473
RNR_large_subunit	OZ035728.1	98.928	746	8	0	1	746	129579	127342	0.0	1520	746	149471
RNR_large_subunit	OP562383.1	98.928	746	8	0	1	746	37765	35528	0.0	1520	746	148647
RNR_large_subunit	OM386659.1	98.928	746	8	0	1	746	38437	36200	0.0	1520	746	149194
RNR_large_subunit	OM362897.1	98.928	746	8	0	1	746	22780	25017	0.0	1520	746	152401
RNR_large_subunit	OP172792.1	98.928	746	8	0	1	746	113560	115797	0.0	1520	746	151993
RNR_large_subunit	OR062524.1	98.794	746	9	0	1	746	38484	36247	0.0	1519	746	150431
RNR_large_subunit	NC_052654.1	98.794	746	9	0	1	746	84446	86683	0.0	1519	746	151671
RNR_large_subunit	OR062526.1	98.794	746	9	0	1	746	38484	36247	0.0	1519	746	151980
RNR_large_subunit	OR062529.1	98.794	746	9	0	1	746	38484	36247	0.0	1519	746	151980
RNR_large_subunit	MH051333.1	98.794	746	9	0	1	746	84446	86683	0.0	1519	746	151671
RNR_large_subunit	OR352955.1	98.929	747	7	1	1	746	131438	129198	0.0	1517	746	152808
RNR_large_subunit	MN850598.1	98.795	747	8	1	1	746	14628	16868	0.0	1515	746	144998
RNR_large_subunit	KX664695.3	98.795	747	8	1	1	746	38978	36738	0.0	1515	746	149268
RNR_large_subunit	NC_047994.1	98.795	747	8	1	1	746	22349	20109	0.0	1515	746	150925
RNR_large_subunit	OM386667.1	98.795	747	8	1	1	746	41451	39211	0.0	1515	746	156300
RNR_large_subunit	OR786310.1	98.795	747	8	1	1	746	50504	48264	0.0	1515	746	149880
RNR_large_subunit	NC_047776.2	98.795	747	8	1	1	746	38978	36738	0.0	1515	746	149268
RNR_large_subunit	NC_052659.1	98.795	747	8	1	1	746	14628	16868	0.0	1515	746	144998
RNR_large_subunit	OR352956.1	98.795	747	8	1	1	746	130178	127938	0.0	1515	746	149254
RNR_large_subunit	OP595145.1	98.795	747	8	1	1	746	40523	38283	0.0	1515	746	151363
RNR_large_subunit	MH252123.1	98.795	747	8	1	1	746	22349	20109	0.0	1515	746	150925
RNR_large_subunit	PV730300.1	98.661	747	9	1	1	746	39428	37188	0.0	1515	746	146712
RNR_large_subunit	PQ433349.1	98.527	747	10	1	1	746	20538	18298	0.0	1513	746	151245
RNR_large_subunit	KX552041.2	98.396	748	10	1	1	746	40863	38620	0.0	1513	746	149813
RNR_large_subunit	NC_047770.1	98.396	748	10	1	1	746	40863	38620	0.0	1513	746	149813
RNR_large_subunit	OM386656.1	98.262	748	11	1	1	746	25441	23198	0.0	1511	746	149073
RNR_large_subunit	OL631481.1	98.527	747	10	1	1	746	60809	63049	0.0	1510	746	149818
RNR_large_subunit	OZ035771.1	98.394	747	11	1	1	746	125541	123301	0.0	1509	746	144811
RNR_large_subunit	OR437326.1	98.394	747	11	1	1	746	19361	17121	0.0	1508	746	148445
RNR_large_subunit	PQ826431.1	97.995	748	13	1	1	746	44321	42078	0.0	1507	746	151106
RNR_large_subunit	OQ031492.1	98.916	738	8	0	1	738	38977	36764	0.0	1502	746	149246
RNR_large_subunit	LC739537.1	94.236	746	43	0	1	746	79731	81968	0.0	1465	746	149831
RNR_large_subunit	LC739539.1	94.236	746	43	0	1	746	27182	24945	0.0	1465	746	150689
RNR_large_subunit	LC739534.1	93.968	746	45	0	1	746	149882	152119	0.0	1463	746	154550
RNR_large_subunit	LC739533.1	93.968	746	45	0	1	746	37912	40149	0.0	1463	746	154443
RNR_large_subunit	LC739535.1	93.968	746	45	0	1	746	91362	93599	0.0	1463	746	154550
