TerL_CDS_0044	OL631481.1	100.000	691	0	0	1	691	40643	38571	0.0	1400	691	149818
TerL_CDS_0044	OZ035771.1	100.000	691	0	0	1	691	1325	3397	0.0	1400	691	144811
TerL_CDS_0044	PQ433349.1	100.000	691	0	0	1	691	40672	42744	0.0	1400	691	151245
TerL_CDS_0044	LR746137.1	100.000	691	0	0	1	691	53040	55112	0.0	1400	691	152148
TerL_CDS_0044	NC_052661.1	99.855	691	1	0	1	691	97175	99247	0.0	1400	691	150947
TerL_CDS_0044	MN850565.1	99.855	691	1	0	1	691	97175	99247	0.0	1400	691	150947
TerL_CDS_0044	JX561091.1	99.855	691	1	0	1	691	62651	64723	0.0	1400	691	147737
TerL_CDS_0044	NC_020079.1	99.855	691	1	0	1	691	62651	64723	0.0	1400	691	147737
TerL_CDS_0044	MK373788.1	99.855	691	1	0	1	691	59655	61727	0.0	1399	691	151194
TerL_CDS_0044	NC_048196.1	99.855	691	1	0	1	691	59655	61727	0.0	1399	691	151194
TerL_CDS_0044	PV730300.1	99.855	691	1	0	1	691	59398	61470	0.0	1399	691	146712
TerL_CDS_0044	LR597654.1	99.855	691	1	0	1	691	66996	69068	0.0	1399	691	150152
TerL_CDS_0044	OZ035743.1	99.855	691	1	0	1	691	1325	3397	0.0	1399	691	142881
TerL_CDS_0044	KX552041.2	99.855	691	1	0	1	691	61053	63125	0.0	1399	691	149813
TerL_CDS_0044	MH160766.1	99.855	691	1	0	1	691	59765	61837	0.0	1399	691	149803
TerL_CDS_0044	OL739525.1	99.855	691	1	0	1	691	58470	60542	0.0	1399	691	151825
TerL_CDS_0044	OR062524.1	99.855	691	1	0	1	691	58676	60748	0.0	1399	691	150431
TerL_CDS_0044	MT496970.1	99.855	691	1	0	1	691	92706	90634	0.0	1399	691	151202
TerL_CDS_0044	OR437326.1	99.855	691	1	0	1	691	39322	41394	0.0	1399	691	148445
TerL_CDS_0044	MN850598.1	99.855	691	1	0	1	691	140296	138224	0.0	1399	691	144998
TerL_CDS_0044	NC_052654.1	99.855	691	1	0	1	691	64253	62181	0.0	1399	691	151671
TerL_CDS_0044	OQ031492.1	99.855	691	1	0	1	691	59694	61766	0.0	1399	691	149246
TerL_CDS_0044	OP172791.1	99.855	691	1	0	1	691	89557	87485	0.0	1399	691	151113
TerL_CDS_0044	OL505078.1	99.855	691	1	0	1	691	59894	61966	0.0	1399	691	151425
TerL_CDS_0044	NC_047770.1	99.855	691	1	0	1	691	61053	63125	0.0	1399	691	149813
TerL_CDS_0044	PQ826431.1	99.855	691	1	0	1	691	65149	67221	0.0	1399	691	151106
TerL_CDS_0044	NC_052656.1	99.855	691	1	0	1	691	112193	114265	0.0	1399	691	149335
TerL_CDS_0044	OR062526.1	99.855	691	1	0	1	691	59268	61340	0.0	1399	691	151980
TerL_CDS_0044	OR062529.1	99.855	691	1	0	1	691	59268	61340	0.0	1399	691	151980
TerL_CDS_0044	OR786310.1	99.855	691	1	0	1	691	70721	72793	0.0	1399	691	149880
TerL_CDS_0044	NC_052660.1	99.855	691	1	0	1	691	97918	95846	0.0	1399	691	150473
TerL_CDS_0044	MT944117.1	99.855	691	1	0	1	691	111173	113245	0.0	1399	691	152343
TerL_CDS_0044	NC_052659.1	99.855	691	1	0	1	691	140296	138224	0.0	1399	691	144998
TerL_CDS_0044	MZ726793.1	99.855	691	1	0	1	691	64672	66744	0.0	1399	691	151660
TerL_CDS_0044	NC_052662.1	99.855	691	1	0	1	691	92706	90634	0.0	1399	691	151202
TerL_CDS_0044	MH051333.1	99.855	691	1	0	1	691	64253	62181	0.0	1399	691	151671
TerL_CDS_0044	OR544956.1	99.855	691	1	0	1	691	84057	81985	0.0	1399	691	130723
TerL_CDS_0044	MN850648.1	99.855	691	1	0	1	691	112193	114265	0.0	1399	691	149335
TerL_CDS_0044	PV191315.1	99.855	691	1	0	1	691	140485	138413	0.0	1399	691	151674
TerL_CDS_0044	OM386656.1	99.855	691	1	0	1	691	45418	47490	0.0	1399	691	149073
TerL_CDS_0044	PP129558.1	99.855	691	1	0	1	691	60012	62084	0.0	1399	691	149967
TerL_CDS_0044	OP172792.1	99.855	691	1	0	1	691	93604	91532	0.0	1399	691	151993
TerL_CDS_0044	MN850618.1	99.855	691	1	0	1	691	97918	95846	0.0	1399	691	150473
TerL_CDS_0044	OZ035728.1	99.855	691	1	0	1	691	1325	3397	0.0	1399	691	149471
TerL_CDS_0044	OP562383.1	99.855	691	1	0	1	691	57989	60061	0.0	1399	691	148647
TerL_CDS_0044	OP595145.1	99.855	691	1	0	1	691	60680	62752	0.0	1399	691	151363
TerL_CDS_0044	OM386659.1	99.855	691	1	0	1	691	58542	60614	0.0	1399	691	149194
TerL_CDS_0044	OM362897.1	99.855	691	1	0	1	691	2076	4	0.0	1399	691	152401
TerL_CDS_0044	MW175890.1	99.711	691	2	0	1	691	1297	3369	0.0	1398	691	150892
TerL_CDS_0044	NC_062742.1	99.711	691	2	0	1	691	1297	3369	0.0	1398	691	150892
TerL_CDS_0044	KX664695.3	99.711	691	2	0	1	691	59707	61779	0.0	1397	691	149268
TerL_CDS_0044	NC_047994.1	99.711	691	2	0	1	691	42970	45042	0.0	1397	691	150925
TerL_CDS_0044	OM386667.1	99.711	691	2	0	1	691	62180	64252	0.0	1397	691	156300
TerL_CDS_0044	NC_047776.2	99.711	691	2	0	1	691	59707	61779	0.0	1397	691	149268
TerL_CDS_0044	MH252123.1	99.711	691	2	0	1	691	42970	45042	0.0	1397	691	150925
TerL_CDS_0044	OR067838.1	99.711	691	2	0	1	691	91551	89479	0.0	1396	691	149856
TerL_CDS_0044	LC739537.1	90.159	691	68	0	1	691	58973	56901	0.0	1278	691	149831
TerL_CDS_0044	LC739539.1	90.159	691	68	0	1	691	47940	50012	0.0	1278	691	150689
TerL_CDS_0044	LC739534.1	90.014	691	69	0	1	691	129153	127081	0.0	1274	691	154550
TerL_CDS_0044	LC739533.1	90.014	691	69	0	1	691	17183	15111	0.0	1274	691	154443
TerL_CDS_0044	LC739535.1	90.014	691	69	0	1	691	70633	68561	0.0	1274	691	154550
TerL_CDS_0044	OR352956.1	100.000	582	0	0	110	691	2	1747	0.0	1177	691	149254
TerL_CDS_0044	OR352956.1	100.000	108	0	0	1	108	148929	149252	5.04e-62	224	691	149254
TerL_CDS_0044	OR352955.1	100.000	494	0	0	198	691	1	1482	0.0	1007	691	152808
TerL_CDS_0044	OR352955.1	99.492	197	1	0	1	197	152218	152808	1.16e-119	393	691	152808
TerL_CDS_0044	MN850571.1	100.000	411	0	0	1	411	6597	5365	0.0	814	691	151514
TerL_CDS_0044	MN850571.1	100.000	280	0	0	412	691	4395	3556	0.0	585	691	151514
TerL_CDS_0044	NC_052658.1	100.000	411	0	0	1	411	6597	5365	0.0	814	691	151514
TerL_CDS_0044	NC_052658.1	100.000	280	0	0	412	691	4395	3556	0.0	585	691	151514
