DNA_primase_CDS_0311	PV730300.1	100.000	592	0	0	1	592	106288	104513	0.0	1186	592	146712
DNA_primase_CDS_0311	LR597654.1	100.000	592	0	0	1	592	110750	108975	0.0	1186	592	150152
DNA_primase_CDS_0311	OZ035743.1	100.000	592	0	0	1	592	44236	42461	0.0	1186	592	142881
DNA_primase_CDS_0311	MK373788.1	100.000	592	0	0	1	592	103410	101635	0.0	1186	592	151194
DNA_primase_CDS_0311	OL739525.1	100.000	592	0	0	1	592	104629	102854	0.0	1186	592	151825
DNA_primase_CDS_0311	OR062524.1	100.000	592	0	0	1	592	104447	102672	0.0	1186	592	150431
DNA_primase_CDS_0311	MT496970.1	100.000	592	0	0	1	592	48481	50256	0.0	1186	592	151202
DNA_primase_CDS_0311	OR437326.1	100.000	592	0	0	1	592	87087	85312	0.0	1186	592	148445
DNA_primase_CDS_0311	MN850598.1	100.000	592	0	0	1	592	92241	94016	0.0	1186	592	144998
DNA_primase_CDS_0311	MW175890.1	100.000	592	0	0	1	592	48476	46701	0.0	1186	592	150892
DNA_primase_CDS_0311	JX561091.1	100.000	592	0	0	1	592	109327	107552	0.0	1186	592	147737
DNA_primase_CDS_0311	NC_052654.1	100.000	592	0	0	1	592	16836	18611	0.0	1186	592	151671
DNA_primase_CDS_0311	OQ031492.1	100.000	592	0	0	1	592	107095	105320	0.0	1186	592	149246
DNA_primase_CDS_0311	OP172791.1	100.000	592	0	0	1	592	43750	45525	0.0	1186	592	151113
DNA_primase_CDS_0311	OL505078.1	100.000	592	0	0	1	592	103649	101874	0.0	1186	592	151425
DNA_primase_CDS_0311	PQ826431.1	100.000	592	0	0	1	592	112657	110882	0.0	1186	592	151106
DNA_primase_CDS_0311	OM386667.1	100.000	592	0	0	1	592	109584	107809	0.0	1186	592	156300
DNA_primase_CDS_0311	NC_052656.1	100.000	592	0	0	1	592	10003	8228	0.0	1186	592	149335
DNA_primase_CDS_0311	OR062526.1	100.000	592	0	0	1	592	105772	103997	0.0	1186	592	151980
DNA_primase_CDS_0311	OR062529.1	100.000	592	0	0	1	592	105772	103997	0.0	1186	592	151980
DNA_primase_CDS_0311	OR786310.1	100.000	592	0	0	1	592	116869	115094	0.0	1186	592	149880
DNA_primase_CDS_0311	NC_052660.1	100.000	592	0	0	1	592	51898	53673	0.0	1186	592	150473
DNA_primase_CDS_0311	MT944117.1	100.000	592	0	0	1	592	5505	3730	0.0	1186	592	152343
DNA_primase_CDS_0311	NC_052659.1	100.000	592	0	0	1	592	92241	94016	0.0	1186	592	144998
DNA_primase_CDS_0311	MZ726793.1	100.000	592	0	0	1	592	111339	109564	0.0	1186	592	151660
DNA_primase_CDS_0311	OL631481.1	100.000	592	0	0	1	592	144432	146207	0.0	1186	592	149818
DNA_primase_CDS_0311	NC_052662.1	100.000	592	0	0	1	592	48481	50256	0.0	1186	592	151202
DNA_primase_CDS_0311	NC_062742.1	100.000	592	0	0	1	592	48476	46701	0.0	1186	592	150892
DNA_primase_CDS_0311	MH051333.1	100.000	592	0	0	1	592	16836	18611	0.0	1186	592	151671
DNA_primase_CDS_0311	MN850648.1	100.000	592	0	0	1	592	10003	8228	0.0	1186	592	149335
DNA_primase_CDS_0311	PV191315.1	100.000	592	0	0	1	592	93802	95577	0.0	1186	592	151674
DNA_primase_CDS_0311	OZ035771.1	100.000	592	0	0	1	592	47803	46028	0.0	1186	592	144811
DNA_primase_CDS_0311	PQ433349.1	100.000	592	0	0	1	592	87693	85918	0.0	1186	592	151245
DNA_primase_CDS_0311	PP129558.1	100.000	592	0	0	1	592	107410	105635	0.0	1186	592	149967
DNA_primase_CDS_0311	MN850618.1	100.000	592	0	0	1	592	51898	53673	0.0	1186	592	150473
DNA_primase_CDS_0311	OZ035728.1	100.000	592	0	0	1	592	48825	47050	0.0	1186	592	149471
DNA_primase_CDS_0311	OP562383.1	100.000	592	0	0	1	592	101742	99967	0.0	1186	592	148647
DNA_primase_CDS_0311	LR746137.1	100.000	592	0	0	1	592	99890	98115	0.0	1186	592	152148
DNA_primase_CDS_0311	NC_048196.1	100.000	592	0	0	1	592	103410	101635	0.0	1186	592	151194
DNA_primase_CDS_0311	OP595145.1	100.000	592	0	0	1	592	106976	105201	0.0	1186	592	151363
DNA_primase_CDS_0311	NC_020079.1	100.000	592	0	0	1	592	109327	107552	0.0	1186	592	147737
DNA_primase_CDS_0311	OM386659.1	100.000	592	0	0	1	592	102295	100520	0.0	1186	592	149194
DNA_primase_CDS_0311	OR352955.1	100.000	592	0	0	1	592	47022	45247	0.0	1186	592	152808
DNA_primase_CDS_0311	OM362897.1	100.000	592	0	0	1	592	107624	109399	0.0	1186	592	152401
DNA_primase_CDS_0311	KX552041.2	99.831	592	1	0	1	592	104806	103031	0.0	1184	592	149813
DNA_primase_CDS_0311	MH160766.1	99.831	592	1	0	1	592	103645	101870	0.0	1184	592	149803
DNA_primase_CDS_0311	NC_052661.1	99.831	592	1	0	1	592	145254	143479	0.0	1184	592	150947
DNA_primase_CDS_0311	KX664695.3	99.831	592	1	0	1	592	107110	105335	0.0	1184	592	149268
DNA_primase_CDS_0311	NC_047770.1	99.831	592	1	0	1	592	104806	103031	0.0	1184	592	149813
DNA_primase_CDS_0311	NC_047994.1	99.831	592	1	0	1	592	91220	89445	0.0	1184	592	150925
DNA_primase_CDS_0311	MN850565.1	99.831	592	1	0	1	592	145254	143479	0.0	1184	592	150947
DNA_primase_CDS_0311	NC_047776.2	99.831	592	1	0	1	592	107110	105335	0.0	1184	592	149268
DNA_primase_CDS_0311	OR067838.1	99.831	592	1	0	1	592	44950	46725	0.0	1184	592	149856
DNA_primase_CDS_0311	MN850571.1	99.831	592	1	0	1	592	107481	109256	0.0	1184	592	151514
DNA_primase_CDS_0311	NC_052658.1	99.831	592	1	0	1	592	107481	109256	0.0	1184	592	151514
DNA_primase_CDS_0311	OM386656.1	99.831	592	1	0	1	592	89173	87398	0.0	1184	592	149073
DNA_primase_CDS_0311	OR352956.1	99.831	592	1	0	1	592	46653	44878	0.0	1184	592	149254
DNA_primase_CDS_0311	OP172792.1	99.831	592	1	0	1	592	46154	47929	0.0	1184	592	151993
DNA_primase_CDS_0311	MH252123.1	99.831	592	1	0	1	592	91220	89445	0.0	1184	592	150925
DNA_primase_CDS_0311	LC739537.1	87.863	585	71	0	1	585	15998	17752	0.0	1035	592	149831
DNA_primase_CDS_0311	LC739539.1	87.863	585	71	0	1	585	90915	89161	0.0	1035	592	150689
DNA_primase_CDS_0311	LC739534.1	87.179	585	75	0	1	585	87052	88806	0.0	1027	592	154550
DNA_primase_CDS_0311	LC739533.1	87.179	585	75	0	1	585	129377	131131	0.0	1027	592	154443
DNA_primase_CDS_0311	LC739535.1	87.179	585	75	0	1	585	28532	30286	0.0	1027	592	154550
DNA_primase_CDS_0311	OR544956.1	100.000	493	0	0	1	493	44041	45519	0.0	977	592	130723
DNA_primase_CDS_0311	OR544956.1	100.000	96	0	0	497	592	45522	45809	4.17e-56	203	592	130723
