DNA_methyltransferase_2	OR544956.1	100.000	159	0	0	1	159	80221	79745	5.59e-105	327	159	130723
DNA_methyltransferase_2	OZ035743.1	100.000	159	0	0	1	159	5161	5637	5.59e-105	327	159	142881
DNA_methyltransferase_2	OZ035771.1	100.000	159	0	0	1	159	5161	5637	5.59e-105	327	159	144811
DNA_methyltransferase_2	MN850598.1	100.000	159	0	0	1	159	136460	135984	5.59e-105	327	159	144998
DNA_methyltransferase_2	NC_052659.1	100.000	159	0	0	1	159	136460	135984	5.59e-105	327	159	144998
DNA_methyltransferase_2	PV730300.1	100.000	159	0	0	1	159	63234	63710	5.59e-105	327	159	146712
DNA_methyltransferase_2	JX561091.1	100.000	159	0	0	1	159	66487	66963	5.59e-105	327	159	147737
DNA_methyltransferase_2	NC_020079.1	100.000	159	0	0	1	159	66487	66963	5.59e-105	327	159	147737
DNA_methyltransferase_2	OR437326.1	100.000	159	0	0	1	159	43158	43634	5.59e-105	327	159	148445
DNA_methyltransferase_2	OM386656.1	100.000	159	0	0	1	159	49254	49730	5.59e-105	327	159	149073
DNA_methyltransferase_2	OM386659.1	100.000	159	0	0	1	159	62378	62854	5.59e-105	327	159	149194
DNA_methyltransferase_2	OQ031492.1	100.000	159	0	0	1	159	63530	64006	5.59e-105	327	159	149246
DNA_methyltransferase_2	OR352956.1	100.000	159	0	0	1	159	3510	3986	5.59e-105	327	159	149254
DNA_methyltransferase_2	KX664695.3	100.000	159	0	0	1	159	63543	64019	5.59e-105	327	159	149268
DNA_methyltransferase_2	NC_047776.2	100.000	159	0	0	1	159	63543	64019	5.59e-105	327	159	149268
DNA_methyltransferase_2	MH160766.1	100.000	159	0	0	1	159	63601	64077	5.59e-105	327	159	149803
DNA_methyltransferase_2	KX552041.2	100.000	159	0	0	1	159	64889	65365	5.59e-105	327	159	149813
DNA_methyltransferase_2	NC_047770.1	100.000	159	0	0	1	159	64889	65365	5.59e-105	327	159	149813
DNA_methyltransferase_2	OL631481.1	100.000	159	0	0	1	159	36807	36331	5.59e-105	327	159	149818
DNA_methyltransferase_2	OR067838.1	100.000	159	0	0	1	159	87715	87239	5.59e-105	327	159	149856
DNA_methyltransferase_2	PP129558.1	100.000	159	0	0	1	159	63848	64324	5.59e-105	327	159	149967
DNA_methyltransferase_2	LR597654.1	100.000	159	0	0	1	159	70832	71308	5.59e-105	327	159	150152
DNA_methyltransferase_2	OR062524.1	100.000	159	0	0	1	159	62512	62988	5.59e-105	327	159	150431
DNA_methyltransferase_2	NC_052660.1	100.000	159	0	0	1	159	94082	93606	5.59e-105	327	159	150473
DNA_methyltransferase_2	MN850618.1	100.000	159	0	0	1	159	94082	93606	5.59e-105	327	159	150473
DNA_methyltransferase_2	MW175890.1	100.000	159	0	0	1	159	5133	5609	5.59e-105	327	159	150892
DNA_methyltransferase_2	NC_062742.1	100.000	159	0	0	1	159	5133	5609	5.59e-105	327	159	150892
DNA_methyltransferase_2	NC_047994.1	100.000	159	0	0	1	159	46806	47282	5.59e-105	327	159	150925
DNA_methyltransferase_2	MH252123.1	100.000	159	0	0	1	159	46806	47282	5.59e-105	327	159	150925
DNA_methyltransferase_2	NC_052661.1	100.000	159	0	0	1	159	101011	101487	5.59e-105	327	159	150947
DNA_methyltransferase_2	MN850565.1	100.000	159	0	0	1	159	101011	101487	5.59e-105	327	159	150947
DNA_methyltransferase_2	MK373788.1	100.000	159	0	0	1	159	63491	63967	5.59e-105	327	159	151194
DNA_methyltransferase_2	NC_048196.1	100.000	159	0	0	1	159	63491	63967	5.59e-105	327	159	151194
DNA_methyltransferase_2	MT496970.1	100.000	159	0	0	1	159	88870	88394	5.59e-105	327	159	151202
DNA_methyltransferase_2	NC_052662.1	100.000	159	0	0	1	159	88870	88394	5.59e-105	327	159	151202
DNA_methyltransferase_2	PQ433349.1	100.000	159	0	0	1	159	44508	44984	5.59e-105	327	159	151245
DNA_methyltransferase_2	OP595145.1	100.000	159	0	0	1	159	64516	64992	5.59e-105	327	159	151363
DNA_methyltransferase_2	MN850571.1	100.000	159	0	0	1	159	1792	1316	5.59e-105	327	159	151514
DNA_methyltransferase_2	NC_052658.1	100.000	159	0	0	1	159	1792	1316	5.59e-105	327	159	151514
DNA_methyltransferase_2	MZ726793.1	100.000	159	0	0	1	159	68508	68984	5.59e-105	327	159	151660
DNA_methyltransferase_2	NC_052654.1	100.000	159	0	0	1	159	60417	59941	5.59e-105	327	159	151671
DNA_methyltransferase_2	MH051333.1	100.000	159	0	0	1	159	60417	59941	5.59e-105	327	159	151671
DNA_methyltransferase_2	PV191315.1	100.000	159	0	0	1	159	136649	136173	5.59e-105	327	159	151674
DNA_methyltransferase_2	OR062526.1	100.000	159	0	0	1	159	63104	63580	5.59e-105	327	159	151980
DNA_methyltransferase_2	OR062529.1	100.000	159	0	0	1	159	63104	63580	5.59e-105	327	159	151980
DNA_methyltransferase_2	LR746137.1	100.000	159	0	0	1	159	56876	57352	5.59e-105	327	159	152148
DNA_methyltransferase_2	MT944117.1	100.000	159	0	0	1	159	115009	115485	5.59e-105	327	159	152343
DNA_methyltransferase_2	OM362897.1	100.000	159	0	0	1	159	150641	150165	5.59e-105	327	159	152401
DNA_methyltransferase_2	OR352955.1	100.000	159	0	0	1	159	3246	3722	5.59e-105	327	159	152808
DNA_methyltransferase_2	OM386667.1	100.000	159	0	0	1	159	66016	66492	5.59e-105	327	159	156300
DNA_methyltransferase_2	NC_052656.1	99.371	159	1	0	1	159	116029	116505	1.11e-104	326	159	149335
DNA_methyltransferase_2	MN850648.1	99.371	159	1	0	1	159	116029	116505	1.11e-104	326	159	149335
DNA_methyltransferase_2	OZ035728.1	99.371	159	1	0	1	159	5161	5637	1.11e-104	326	159	149471
DNA_methyltransferase_2	OR786310.1	99.371	159	1	0	1	159	74557	75033	1.11e-104	326	159	149880
DNA_methyltransferase_2	PQ826431.1	99.371	159	1	0	1	159	68985	69461	1.11e-104	326	159	151106
DNA_methyltransferase_2	OP172791.1	99.371	159	1	0	1	159	85721	85245	1.11e-104	326	159	151113
DNA_methyltransferase_2	OL505078.1	99.371	159	1	0	1	159	63730	64206	1.11e-104	326	159	151425
DNA_methyltransferase_2	OL739525.1	99.371	159	1	0	1	159	62306	62782	1.11e-104	326	159	151825
DNA_methyltransferase_2	OP172792.1	99.371	159	1	0	1	159	89768	89292	1.11e-104	326	159	151993
DNA_methyltransferase_2	OP562383.1	99.371	159	1	0	1	159	61825	62301	2.79e-104	325	159	148647
DNA_methyltransferase_2	LC739537.1	88.050	159	19	0	1	159	55134	54658	4.32e-96	301	159	149831
DNA_methyltransferase_2	LC739539.1	88.050	159	19	0	1	159	51779	52255	4.32e-96	301	159	150689
DNA_methyltransferase_2	LC739533.1	88.050	159	19	0	1	159	13344	12868	4.32e-96	301	159	154443
DNA_methyltransferase_2	LC739534.1	88.050	159	19	0	1	159	125314	124838	4.32e-96	301	159	154550
DNA_methyltransferase_2	LC739535.1	88.050	159	19	0	1	159	66794	66318	4.32e-96	301	159	154550
