Sir2_NAD_deacetylase	OR437326.1	99.624	266	1	0	1	266	881	84	0.0	550	266	148445
Sir2_NAD_deacetylase	OM362897.1	99.624	266	1	0	1	266	42468	43265	0.0	550	266	152401
Sir2_NAD_deacetylase	OQ031492.1	98.872	266	3	0	1	266	18324	17527	2.92e-180	548	266	149246
Sir2_NAD_deacetylase	OZ035728.1	98.872	266	3	0	1	266	111806	111009	2.92e-180	548	266	149471
Sir2_NAD_deacetylase	MZ726793.1	98.872	266	3	0	1	266	24586	23789	2.92e-180	548	266	151660
Sir2_NAD_deacetylase	MT944117.1	98.872	266	3	0	1	266	71108	70311	2.92e-180	548	266	152343
Sir2_NAD_deacetylase	JX561091.1	98.872	266	3	0	1	266	24929	24132	6.22e-180	547	266	147737
Sir2_NAD_deacetylase	NC_020079.1	98.872	266	3	0	1	266	24929	24132	6.22e-180	547	266	147737
Sir2_NAD_deacetylase	PP129558.1	98.872	266	3	0	1	266	18624	17827	6.22e-180	547	266	149967
Sir2_NAD_deacetylase	MW175890.1	98.872	266	3	0	1	266	111850	111053	6.22e-180	547	266	150892
Sir2_NAD_deacetylase	NC_062742.1	98.872	266	3	0	1	266	111850	111053	6.22e-180	547	266	150892
Sir2_NAD_deacetylase	LR746137.1	98.496	266	4	0	1	266	12728	11931	3.98e-179	545	266	152148
Sir2_NAD_deacetylase	LC739533.1	97.368	266	7	0	1	266	58118	58915	1.73e-178	543	266	154443
Sir2_NAD_deacetylase	LC739534.1	97.368	266	7	0	1	266	15686	16483	1.73e-178	543	266	154550
Sir2_NAD_deacetylase	LC739535.1	97.368	266	7	0	1	266	111568	112365	1.73e-178	543	266	154550
Sir2_NAD_deacetylase	KX664695.3	92.481	266	20	0	1	266	18318	17521	2.02e-168	514	266	149268
Sir2_NAD_deacetylase	NC_047776.2	92.481	266	20	0	1	266	18318	17521	2.02e-168	514	266	149268
Sir2_NAD_deacetylase	OM386667.1	92.481	266	20	0	1	266	20791	19994	2.02e-168	514	266	156300
Sir2_NAD_deacetylase	MN850598.1	80.827	266	51	0	1	266	34996	35793	5.91e-150	461	266	144998
Sir2_NAD_deacetylase	NC_052659.1	80.827	266	51	0	1	266	34996	35793	5.91e-150	461	266	144998
Sir2_NAD_deacetylase	OR352956.1	80.827	266	51	0	1	266	109813	109016	5.91e-150	461	266	149254
Sir2_NAD_deacetylase	OR067838.1	80.827	266	51	0	1	266	131354	132151	5.91e-150	461	266	149856
Sir2_NAD_deacetylase	NC_047994.1	80.827	266	51	0	1	266	4049	3252	5.91e-150	461	266	150925
Sir2_NAD_deacetylase	MH252123.1	80.827	266	51	0	1	266	4049	3252	5.91e-150	461	266	150925
Sir2_NAD_deacetylase	NC_052661.1	80.827	266	51	0	1	266	57366	56569	5.91e-150	461	266	150947
Sir2_NAD_deacetylase	MN850565.1	80.827	266	51	0	1	266	57366	56569	5.91e-150	461	266	150947
Sir2_NAD_deacetylase	PQ433349.1	80.827	266	51	0	1	266	151095	150298	5.91e-150	461	266	151245
Sir2_NAD_deacetylase	OZ035771.1	80.075	266	53	0	1	266	104577	103780	1.85e-148	457	266	144811
Sir2_NAD_deacetylase	LC739537.1	79.478	268	52	2	1	266	99535	100335	2.56e-146	451	266	149831
Sir2_NAD_deacetylase	LC739539.1	79.478	268	52	2	1	266	7377	6577	2.56e-146	451	266	150689
Sir2_NAD_deacetylase	OL631481.1	74.908	271	63	1	1	266	80309	81121	5.55e-139	430	266	149818
Sir2_NAD_deacetylase	MN850571.1	74.908	271	63	1	1	266	46299	47111	5.55e-139	430	266	151514
Sir2_NAD_deacetylase	NC_052658.1	74.908	271	63	1	1	266	46299	47111	5.55e-139	430	266	151514
Sir2_NAD_deacetylase	OP172792.1	72.527	273	66	4	1	266	131374	132186	2.17e-130	405	266	151993
Sir2_NAD_deacetylase	LR597654.1	71.062	273	70	4	1	266	27114	26302	1.98e-128	400	266	150152
Sir2_NAD_deacetylase	KX552041.2	71.062	273	70	4	1	266	20850	20038	2.64e-128	399	266	149813
Sir2_NAD_deacetylase	NC_047770.1	71.062	273	70	4	1	266	20850	20038	2.64e-128	399	266	149813
Sir2_NAD_deacetylase	OP562383.1	70.330	273	72	4	1	266	19956	19144	2.86e-128	399	266	148647
Sir2_NAD_deacetylase	OM386659.1	71.062	273	70	4	1	266	20627	19815	5.46e-128	398	266	149194
Sir2_NAD_deacetylase	OR786310.1	71.062	273	70	4	1	266	32022	31210	5.46e-128	398	266	149880
Sir2_NAD_deacetylase	OL739525.1	71.062	273	70	4	1	266	20231	19419	5.46e-128	398	266	151825
Sir2_NAD_deacetylase	NC_052660.1	69.963	273	73	4	1	266	136756	137568	7.09e-128	398	266	150473
Sir2_NAD_deacetylase	MN850618.1	69.963	273	73	4	1	266	136756	137568	7.09e-128	398	266	150473
Sir2_NAD_deacetylase	PV730300.1	70.696	273	71	4	1	266	21585	20773	7.59e-128	398	266	146712
Sir2_NAD_deacetylase	OM386656.1	70.696	273	71	4	1	266	5422	4610	7.59e-128	398	266	149073
Sir2_NAD_deacetylase	OR062524.1	70.696	273	71	4	1	266	18793	17981	7.59e-128	398	266	150431
Sir2_NAD_deacetylase	PQ826431.1	70.696	273	71	4	1	266	25865	25053	7.59e-128	398	266	151106
Sir2_NAD_deacetylase	OP172791.1	70.696	273	71	4	1	266	127478	128290	7.59e-128	398	266	151113
Sir2_NAD_deacetylase	MK373788.1	70.696	273	71	4	1	266	19585	18773	7.59e-128	398	266	151194
Sir2_NAD_deacetylase	NC_048196.1	70.696	273	71	4	1	266	19585	18773	7.59e-128	398	266	151194
Sir2_NAD_deacetylase	MT496970.1	70.696	273	71	4	1	266	130637	131449	7.59e-128	398	266	151202
Sir2_NAD_deacetylase	NC_052662.1	70.696	273	71	4	1	266	130637	131449	7.59e-128	398	266	151202
Sir2_NAD_deacetylase	OP595145.1	70.696	273	71	4	1	266	20805	19993	7.59e-128	398	266	151363
Sir2_NAD_deacetylase	NC_052654.1	70.696	273	71	4	1	266	104137	104949	7.59e-128	398	266	151671
Sir2_NAD_deacetylase	MH051333.1	70.696	273	71	4	1	266	104137	104949	7.59e-128	398	266	151671
Sir2_NAD_deacetylase	OR062526.1	70.696	273	71	4	1	266	18793	17981	7.59e-128	398	266	151980
Sir2_NAD_deacetylase	OR062529.1	70.696	273	71	4	1	266	18793	17981	7.59e-128	398	266	151980
Sir2_NAD_deacetylase	OR352955.1	70.696	273	71	4	1	266	111084	110272	7.59e-128	398	266	152808
Sir2_NAD_deacetylase	NC_052656.1	70.330	273	72	4	1	266	74265	73453	8.77e-128	398	266	149335
Sir2_NAD_deacetylase	MN850648.1	70.330	273	72	4	1	266	74265	73453	8.77e-128	398	266	149335
Sir2_NAD_deacetylase	PV191315.1	69.963	273	73	4	1	266	28578	29390	1.27e-127	397	266	151674
Sir2_NAD_deacetylase	OZ035743.1	70.696	273	71	4	1	266	104003	103191	2.47e-127	396	266	142881
Sir2_NAD_deacetylase	MH160766.1	70.330	273	72	4	1	266	19875	19063	6.94e-127	395	266	149803
Sir2_NAD_deacetylase	OL505078.1	75.912	137	28	1	135	266	19471	19061	1.96e-105	218	266	151425
Sir2_NAD_deacetylase	OL505078.1	64.706	136	44	3	1	134	19874	19473	1.96e-105	181	266	151425
