thymidylate_synthase	LR597654.1	100.000	332	0	0	1	332	48574	47579	0.0	699	332	150152
thymidylate_synthase	KX664695.3	100.000	332	0	0	1	332	40753	39758	0.0	699	332	149268
thymidylate_synthase	OL505078.1	100.000	332	0	0	1	332	41328	40333	0.0	699	332	151425
thymidylate_synthase	OM386667.1	100.000	332	0	0	1	332	43226	42231	0.0	699	332	156300
thymidylate_synthase	NC_052656.1	100.000	332	0	0	1	332	93850	92855	0.0	699	332	149335
thymidylate_synthase	NC_047776.2	100.000	332	0	0	1	332	40753	39758	0.0	699	332	149268
thymidylate_synthase	MN850648.1	100.000	332	0	0	1	332	93850	92855	0.0	699	332	149335
thymidylate_synthase	OM386656.1	100.000	332	0	0	1	332	27216	26221	0.0	699	332	149073
thymidylate_synthase	PP129558.1	100.000	332	0	0	1	332	41050	40055	0.0	699	332	149967
thymidylate_synthase	OP595145.1	100.000	332	0	0	1	332	42298	41303	0.0	699	332	151363
thymidylate_synthase	PV730300.1	99.699	332	1	0	1	332	41203	40208	0.0	698	332	146712
thymidylate_synthase	OR786310.1	99.699	332	1	0	1	332	52279	51284	0.0	698	332	149880
thymidylate_synthase	NC_047994.1	99.699	332	1	0	1	332	24124	23129	0.0	697	332	150925
thymidylate_synthase	OR352955.1	99.699	332	1	0	1	332	133213	132218	0.0	697	332	152808
thymidylate_synthase	MH252123.1	99.699	332	1	0	1	332	24124	23129	0.0	697	332	150925
thymidylate_synthase	MK373788.1	99.398	332	2	0	1	332	41051	40056	0.0	696	332	151194
thymidylate_synthase	MH160766.1	99.398	332	2	0	1	332	41341	40346	0.0	696	332	149803
thymidylate_synthase	OL631481.1	99.398	332	2	0	1	332	59034	60029	0.0	696	332	149818
thymidylate_synthase	NC_048196.1	99.398	332	2	0	1	332	41051	40056	0.0	696	332	151194
thymidylate_synthase	MW175890.1	99.398	332	2	0	1	332	133316	132321	0.0	695	332	150892
thymidylate_synthase	NC_052661.1	99.398	332	2	0	1	332	78835	77840	0.0	695	332	150947
thymidylate_synthase	JX561091.1	99.398	332	2	0	1	332	46710	45715	0.0	695	332	147737
thymidylate_synthase	OQ031492.1	99.398	332	2	0	1	332	40752	39757	0.0	695	332	149246
thymidylate_synthase	MN850565.1	99.398	332	2	0	1	332	78835	77840	0.0	695	332	150947
thymidylate_synthase	MT944117.1	99.398	332	2	0	1	332	92889	91894	0.0	695	332	152343
thymidylate_synthase	MZ726793.1	99.398	332	2	0	1	332	46394	45399	0.0	695	332	151660
thymidylate_synthase	NC_062742.1	99.398	332	2	0	1	332	133316	132321	0.0	695	332	150892
thymidylate_synthase	OR544956.1	99.398	332	2	0	1	332	96890	97885	0.0	695	332	130723
thymidylate_synthase	LR746137.1	99.398	332	2	0	1	332	34536	33541	0.0	695	332	152148
thymidylate_synthase	NC_020079.1	99.398	332	2	0	1	332	46710	45715	0.0	695	332	147737
thymidylate_synthase	OM386659.1	99.398	332	2	0	1	332	40212	39217	0.0	695	332	149194
thymidylate_synthase	OM362897.1	99.398	332	2	0	1	332	21005	22000	0.0	695	332	152401
thymidylate_synthase	OZ035743.1	99.398	332	2	0	1	332	125790	124795	0.0	695	332	142881
thymidylate_synthase	OR437326.1	99.398	332	2	0	1	332	21136	20141	0.0	695	332	148445
thymidylate_synthase	MN850598.1	99.398	332	2	0	1	332	12853	13848	0.0	695	332	144998
thymidylate_synthase	NC_052654.1	99.398	332	2	0	1	332	82671	83666	0.0	695	332	151671
thymidylate_synthase	NC_052660.1	99.398	332	2	0	1	332	115302	116297	0.0	695	332	150473
thymidylate_synthase	NC_052659.1	99.398	332	2	0	1	332	12853	13848	0.0	695	332	144998
thymidylate_synthase	MH051333.1	99.398	332	2	0	1	332	82671	83666	0.0	695	332	151671
thymidylate_synthase	MN850571.1	99.398	332	2	0	1	332	25318	26313	0.0	695	332	151514
thymidylate_synthase	NC_052658.1	99.398	332	2	0	1	332	25318	26313	0.0	695	332	151514
thymidylate_synthase	MN850618.1	99.398	332	2	0	1	332	115302	116297	0.0	695	332	150473
thymidylate_synthase	OZ035728.1	99.398	332	2	0	1	332	131354	130359	0.0	695	332	149471
thymidylate_synthase	KX552041.2	99.096	332	3	0	1	332	42638	41643	0.0	693	332	149813
thymidylate_synthase	OL739525.1	99.398	332	2	0	1	332	40139	39144	0.0	693	332	151825
thymidylate_synthase	OR062524.1	99.096	332	3	0	1	332	40259	39264	0.0	693	332	150431
thymidylate_synthase	NC_047770.1	99.096	332	3	0	1	332	42638	41643	0.0	693	332	149813
thymidylate_synthase	OR062526.1	99.096	332	3	0	1	332	40259	39264	0.0	693	332	151980
thymidylate_synthase	OR062529.1	99.096	332	3	0	1	332	40259	39264	0.0	693	332	151980
thymidylate_synthase	PQ433349.1	99.096	332	3	0	1	332	22313	21318	0.0	693	332	151245
thymidylate_synthase	PV191315.1	99.096	332	3	0	1	332	7125	8120	0.0	692	332	151674
thymidylate_synthase	MT496970.1	99.096	332	3	0	1	332	111047	112042	0.0	690	332	151202
thymidylate_synthase	OP172791.1	99.096	332	3	0	1	332	107887	108882	0.0	690	332	151113
thymidylate_synthase	PQ826431.1	99.096	332	3	0	1	332	46096	45101	0.0	690	332	151106
thymidylate_synthase	NC_052662.1	99.096	332	3	0	1	332	111047	112042	0.0	690	332	151202
thymidylate_synthase	OP172792.1	99.096	332	3	0	1	332	111785	112780	0.0	690	332	151993
thymidylate_synthase	OZ035771.1	98.795	332	4	0	1	332	127317	126322	0.0	690	332	144811
thymidylate_synthase	OP562383.1	98.795	332	4	0	1	332	39540	38545	0.0	689	332	148647
thymidylate_synthase	OR352956.1	89.911	337	22	2	1	332	131947	130958	0.0	617	332	149254
thymidylate_synthase	OR067838.1	100.000	215	0	0	118	332	110229	110873	0.0	460	332	149856
thymidylate_synthase	OR067838.1	100.000	117	0	0	1	117	109876	110226	0.0	243	332	149856
thymidylate_synthase	LC739537.1	76.205	332	79	0	1	332	77955	78950	2.41e-175	537	332	149831
thymidylate_synthase	LC739539.1	76.205	332	79	0	1	332	28958	27963	2.41e-175	537	332	150689
thymidylate_synthase	LC739533.1	73.494	332	86	1	1	332	36142	37131	8.79e-167	513	332	154443
thymidylate_synthase	LC739534.1	73.494	332	86	1	1	332	148112	149101	8.79e-167	513	332	154550
thymidylate_synthase	LC739535.1	73.494	332	86	1	1	332	89592	90581	8.79e-167	513	332	154550
