endolysin_CDS_0302	OR544956.1	100.000	173	0	0	1	173	39389	39907	3.44e-115	357	173	130723
endolysin_CDS_0302	OZ035771.1	100.000	173	0	0	1	173	52461	51943	3.44e-115	357	173	144811
endolysin_CDS_0302	PV730300.1	100.000	173	0	0	1	173	110946	110428	3.44e-115	357	173	146712
endolysin_CDS_0302	JX561091.1	100.000	173	0	0	1	173	113988	113470	3.44e-115	357	173	147737
endolysin_CDS_0302	NC_020079.1	100.000	173	0	0	1	173	113988	113470	3.44e-115	357	173	147737
endolysin_CDS_0302	OR437326.1	100.000	173	0	0	1	173	91746	91228	3.44e-115	357	173	148445
endolysin_CDS_0302	OP562383.1	100.000	173	0	0	1	173	106400	105882	3.44e-115	357	173	148647
endolysin_CDS_0302	OM386659.1	100.000	173	0	0	1	173	106953	106435	3.44e-115	357	173	149194
endolysin_CDS_0302	OQ031492.1	100.000	173	0	0	1	173	111753	111235	3.44e-115	357	173	149246
endolysin_CDS_0302	OR352956.1	100.000	173	0	0	1	173	51311	50793	3.44e-115	357	173	149254
endolysin_CDS_0302	NC_052656.1	100.000	173	0	0	1	173	14661	14143	3.44e-115	357	173	149335
endolysin_CDS_0302	MN850648.1	100.000	173	0	0	1	173	14661	14143	3.44e-115	357	173	149335
endolysin_CDS_0302	OR786310.1	100.000	173	0	0	1	173	121528	121010	3.44e-115	357	173	149880
endolysin_CDS_0302	PP129558.1	100.000	173	0	0	1	173	112068	111550	3.44e-115	357	173	149967
endolysin_CDS_0302	NC_052660.1	100.000	173	0	0	1	173	47240	47758	3.44e-115	357	173	150473
endolysin_CDS_0302	MN850618.1	100.000	173	0	0	1	173	47240	47758	3.44e-115	357	173	150473
endolysin_CDS_0302	MW175890.1	100.000	173	0	0	1	173	53134	52616	3.44e-115	357	173	150892
endolysin_CDS_0302	NC_062742.1	100.000	173	0	0	1	173	53134	52616	3.44e-115	357	173	150892
endolysin_CDS_0302	NC_052661.1	100.000	173	0	0	1	173	149912	149394	3.44e-115	357	173	150947
endolysin_CDS_0302	MN850565.1	100.000	173	0	0	1	173	149912	149394	3.44e-115	357	173	150947
endolysin_CDS_0302	PQ826431.1	100.000	173	0	0	1	173	117315	116797	3.44e-115	357	173	151106
endolysin_CDS_0302	MT496970.1	100.000	173	0	0	1	173	43823	44341	3.44e-115	357	173	151202
endolysin_CDS_0302	NC_052662.1	100.000	173	0	0	1	173	43823	44341	3.44e-115	357	173	151202
endolysin_CDS_0302	OP595145.1	100.000	173	0	0	1	173	111634	111116	3.44e-115	357	173	151363
endolysin_CDS_0302	MZ726793.1	100.000	173	0	0	1	173	115997	115479	3.44e-115	357	173	151660
endolysin_CDS_0302	PV191315.1	100.000	173	0	0	1	173	89141	89659	3.44e-115	357	173	151674
endolysin_CDS_0302	OL739525.1	100.000	173	0	0	1	173	109287	108769	3.44e-115	357	173	151825
endolysin_CDS_0302	OR062526.1	100.000	173	0	0	1	173	110430	109912	3.44e-115	357	173	151980
endolysin_CDS_0302	OR062529.1	100.000	173	0	0	1	173	110430	109912	3.44e-115	357	173	151980
endolysin_CDS_0302	MT944117.1	100.000	173	0	0	1	173	10163	9645	3.44e-115	357	173	152343
endolysin_CDS_0302	OM362897.1	100.000	173	0	0	1	173	102966	103484	3.44e-115	357	173	152401
endolysin_CDS_0302	OM386667.1	100.000	173	0	0	1	173	114242	113724	3.44e-115	357	173	156300
endolysin_CDS_0302	OR062524.1	99.422	173	1	0	1	173	109105	108587	1.05e-114	355	173	150431
endolysin_CDS_0302	OL505078.1	99.422	173	1	0	1	173	108307	107789	1.05e-114	355	173	151425
endolysin_CDS_0302	MN850571.1	99.422	173	1	0	1	173	102823	103341	1.05e-114	355	173	151514
endolysin_CDS_0302	NC_052658.1	99.422	173	1	0	1	173	102823	103341	1.05e-114	355	173	151514
endolysin_CDS_0302	PQ433349.1	99.422	173	1	0	1	173	92351	91833	1.87e-114	355	173	151245
endolysin_CDS_0302	LR746137.1	98.844	173	2	0	1	173	104548	104030	2.95e-114	354	173	152148
endolysin_CDS_0302	OP172791.1	99.422	173	1	0	1	173	39092	39610	2.98e-114	354	173	151113
endolysin_CDS_0302	NC_047994.1	99.422	173	1	0	1	173	95878	95360	3.32e-114	354	173	150925
endolysin_CDS_0302	MH252123.1	99.422	173	1	0	1	173	95878	95360	3.32e-114	354	173	150925
endolysin_CDS_0302	OZ035743.1	98.844	173	2	0	1	173	48894	48376	4.65e-114	353	173	142881
endolysin_CDS_0302	MN850598.1	98.844	173	2	0	1	173	87583	88101	4.65e-114	353	173	144998
endolysin_CDS_0302	NC_052659.1	98.844	173	2	0	1	173	87583	88101	4.65e-114	353	173	144998
endolysin_CDS_0302	OM386656.1	98.844	173	2	0	1	173	93832	93314	4.65e-114	353	173	149073
endolysin_CDS_0302	KX664695.3	98.844	173	2	0	1	173	111768	111250	4.65e-114	353	173	149268
endolysin_CDS_0302	NC_047776.2	98.844	173	2	0	1	173	111768	111250	4.65e-114	353	173	149268
endolysin_CDS_0302	KX552041.2	98.844	173	2	0	1	173	109465	108947	4.65e-114	353	173	149813
endolysin_CDS_0302	NC_047770.1	98.844	173	2	0	1	173	109465	108947	4.65e-114	353	173	149813
endolysin_CDS_0302	OL631481.1	98.844	173	2	0	1	173	139774	140292	4.65e-114	353	173	149818
endolysin_CDS_0302	LR597654.1	98.844	173	2	0	1	173	115407	114889	4.65e-114	353	173	150152
endolysin_CDS_0302	MK373788.1	98.844	173	2	0	1	173	108068	107550	4.65e-114	353	173	151194
endolysin_CDS_0302	NC_048196.1	98.844	173	2	0	1	173	108068	107550	4.65e-114	353	173	151194
endolysin_CDS_0302	NC_052654.1	98.844	173	2	0	1	173	12178	12696	4.65e-114	353	173	151671
endolysin_CDS_0302	MH051333.1	98.844	173	2	0	1	173	12178	12696	4.65e-114	353	173	151671
endolysin_CDS_0302	OR352955.1	98.844	173	2	0	1	173	51680	51162	4.65e-114	353	173	152808
endolysin_CDS_0302	MH160766.1	98.844	173	2	0	1	173	108303	107785	5.08e-114	353	173	149803
endolysin_CDS_0302	OZ035728.1	98.844	173	2	0	1	173	53484	52966	8.48e-114	353	173	149471
endolysin_CDS_0302	OP172792.1	98.844	173	2	0	1	173	41494	42012	1.44e-113	352	173	151993
endolysin_CDS_0302	OR067838.1	98.266	173	3	0	1	173	40292	40810	1.03e-112	350	173	149856
endolysin_CDS_0302	LC739533.1	69.364	173	53	0	1	173	124105	124623	7.15e-78	250	173	154443
endolysin_CDS_0302	LC739534.1	69.364	173	53	0	1	173	81780	82298	7.15e-78	250	173	154550
endolysin_CDS_0302	LC739535.1	69.364	173	53	0	1	173	23260	23778	7.15e-78	250	173	154550
endolysin_CDS_0302	LC739537.1	68.208	173	55	0	1	173	11348	11866	4.68e-76	245	173	149831
endolysin_CDS_0302	LC739539.1	68.208	173	55	0	1	173	95565	95047	4.68e-76	245	173	150689
