depolymerase_CDS_0012	PV191315.1	99.902	1017	1	0	1	1017	109990	106940	0.0	1979	1017	151674
depolymerase_CDS_0012	OP172792.1	99.902	1017	1	0	1	1017	63120	60070	0.0	1979	1017	151993
depolymerase_CDS_0012	OP562383.1	99.902	1017	1	0	1	1017	85553	88603	0.0	1979	1017	148647
depolymerase_CDS_0012	MZ726793.1	99.803	1017	2	0	1	1017	95159	98209	0.0	1978	1017	151660
depolymerase_CDS_0012	OL739525.1	99.705	1017	3	0	1	1017	88403	91453	0.0	1977	1017	151825
depolymerase_CDS_0012	OP172791.1	99.607	1017	4	0	1	1017	59940	56890	0.0	1977	1017	151113
depolymerase_CDS_0012	OQ031492.1	99.803	1017	2	0	1	1017	90181	93231	0.0	1976	1017	149246
depolymerase_CDS_0012	NC_047994.1	99.607	1017	4	0	1	1017	73826	76876	0.0	1976	1017	150925
depolymerase_CDS_0012	MH252123.1	99.607	1017	4	0	1	1017	73826	76876	0.0	1976	1017	150925
depolymerase_CDS_0012	OR786310.1	99.705	1017	3	0	1	1017	100692	103742	0.0	1976	1017	149880
depolymerase_CDS_0012	PP129558.1	99.705	1017	3	0	1	1017	90498	93548	0.0	1976	1017	149967
depolymerase_CDS_0012	OM386656.1	99.607	1017	4	0	1	1017	72982	76032	0.0	1976	1017	149073
depolymerase_CDS_0012	OR352956.1	99.607	1017	4	0	1	1017	29495	32545	0.0	1976	1017	149254
depolymerase_CDS_0012	MT496970.1	99.705	1017	3	0	1	1017	65142	62092	0.0	1975	1017	151202
depolymerase_CDS_0012	NC_052662.1	99.705	1017	3	0	1	1017	65142	62092	0.0	1975	1017	151202
depolymerase_CDS_0012	OM386659.1	99.705	1017	3	0	1	1017	86106	89156	0.0	1975	1017	149194
depolymerase_CDS_0012	OZ035743.1	99.607	1017	4	0	1	1017	28889	31939	0.0	1974	1017	142881
depolymerase_CDS_0012	NC_052661.1	99.607	1017	4	0	1	1017	128107	131157	0.0	1974	1017	150947
depolymerase_CDS_0012	NC_052661.1	44.595	74	40	1	230	302	123552	123773	5.19e-11	65.5	1017	150947
depolymerase_CDS_0012	MN850565.1	99.607	1017	4	0	1	1017	128107	131157	0.0	1974	1017	150947
depolymerase_CDS_0012	MN850565.1	44.595	74	40	1	230	302	123552	123773	5.19e-11	65.5	1017	150947
depolymerase_CDS_0012	LR597654.1	99.705	1017	3	0	1	1017	94561	97611	0.0	1974	1017	150152
depolymerase_CDS_0012	MK373788.1	99.705	1017	3	0	1	1017	87220	90270	0.0	1974	1017	151194
depolymerase_CDS_0012	OR062524.1	99.705	1017	3	0	1	1017	88255	91305	0.0	1974	1017	150431
depolymerase_CDS_0012	MW175890.1	99.705	1017	3	0	1	1017	31553	34603	0.0	1974	1017	150892
depolymerase_CDS_0012	JX561091.1	99.705	1017	3	0	1	1017	93138	96188	0.0	1974	1017	147737
depolymerase_CDS_0012	NC_052654.1	99.705	1017	3	0	1	1017	33758	30708	0.0	1974	1017	151671
depolymerase_CDS_0012	OR062526.1	99.705	1017	3	0	1	1017	88846	91896	0.0	1974	1017	151980
depolymerase_CDS_0012	OR062529.1	99.705	1017	3	0	1	1017	88846	91896	0.0	1974	1017	151980
depolymerase_CDS_0012	NC_062742.1	99.705	1017	3	0	1	1017	31553	34603	0.0	1974	1017	150892
depolymerase_CDS_0012	MH051333.1	99.705	1017	3	0	1	1017	33758	30708	0.0	1974	1017	151671
depolymerase_CDS_0012	MN850571.1	99.705	1017	3	0	1	1017	125032	121982	0.0	1974	1017	151514
depolymerase_CDS_0012	NC_052658.1	99.705	1017	3	0	1	1017	125032	121982	0.0	1974	1017	151514
depolymerase_CDS_0012	NC_048196.1	99.705	1017	3	0	1	1017	87220	90270	0.0	1974	1017	151194
depolymerase_CDS_0012	OP595145.1	99.705	1017	3	0	1	1017	90745	93795	0.0	1974	1017	151363
depolymerase_CDS_0012	NC_020079.1	99.705	1017	3	0	1	1017	93138	96188	0.0	1974	1017	147737
depolymerase_CDS_0012	OR352955.1	99.705	1017	3	0	1	1017	29706	32756	0.0	1974	1017	152808
depolymerase_CDS_0012	OM362897.1	99.705	1017	3	0	1	1017	123887	120837	0.0	1974	1017	152401
depolymerase_CDS_0012	MH160766.1	99.607	1017	4	0	1	1017	87329	90379	0.0	1973	1017	149803
depolymerase_CDS_0012	MT944117.1	99.607	1017	4	0	1	1017	141660	144710	0.0	1973	1017	152343
depolymerase_CDS_0012	PV730300.1	99.607	1017	4	0	1	1017	90544	93594	0.0	1973	1017	146712
depolymerase_CDS_0012	OL505078.1	99.607	1017	4	0	1	1017	87458	90508	0.0	1973	1017	151425
depolymerase_CDS_0012	PQ826431.1	99.607	1017	4	0	1	1017	94678	97728	0.0	1973	1017	151106
depolymerase_CDS_0012	OL631481.1	99.410	1017	6	0	1	1017	10798	7748	0.0	1972	1017	149818
depolymerase_CDS_0012	OZ035771.1	99.410	1017	6	0	1	1017	31572	34622	0.0	1972	1017	144811
depolymerase_CDS_0012	MN850598.1	99.607	1017	4	0	1	1017	110454	107404	0.0	1972	1017	144998
depolymerase_CDS_0012	NC_052660.1	99.607	1017	4	0	1	1017	68076	65026	0.0	1972	1017	150473
depolymerase_CDS_0012	NC_052659.1	99.607	1017	4	0	1	1017	110454	107404	0.0	1972	1017	144998
depolymerase_CDS_0012	MN850618.1	99.607	1017	4	0	1	1017	68076	65026	0.0	1972	1017	150473
depolymerase_CDS_0012	KX552041.2	99.607	1017	4	0	1	1017	88617	91667	0.0	1971	1017	149813
depolymerase_CDS_0012	NC_047770.1	99.607	1017	4	0	1	1017	88617	91667	0.0	1971	1017	149813
depolymerase_CDS_0012	NC_052656.1	99.508	1017	5	0	1	1017	142425	145475	0.0	1971	1017	149335
depolymerase_CDS_0012	MN850648.1	99.508	1017	5	0	1	1017	142425	145475	0.0	1971	1017	149335
depolymerase_CDS_0012	KX664695.3	99.312	1017	7	0	1	1017	90194	93244	0.0	1969	1017	149268
depolymerase_CDS_0012	OM386667.1	99.312	1017	7	0	1	1017	92667	95717	0.0	1969	1017	156300
depolymerase_CDS_0012	NC_047776.2	99.312	1017	7	0	1	1017	90194	93244	0.0	1969	1017	149268
depolymerase_CDS_0012	PQ433349.1	99.607	1017	4	0	1	1017	70733	73783	0.0	1969	1017	151245
depolymerase_CDS_0012	OZ035728.1	99.607	1017	4	0	1	1017	31292	34342	0.0	1969	1017	149471
depolymerase_CDS_0012	LR746137.1	99.607	1017	4	0	1	1017	83135	86185	0.0	1969	1017	152148
depolymerase_CDS_0012	OR437326.1	99.607	1017	4	0	1	1017	69617	72667	0.0	1953	1017	148445
depolymerase_CDS_0012	OR067838.1	98.701	924	11	1	95	1017	60858	58087	0.0	1761	1017	149856
depolymerase_CDS_0012	OR067838.1	99.029	103	1	0	1	103	61139	60831	7.63e-56	211	1017	149856
depolymerase_CDS_0012	LC739537.1	85.054	1017	151	1	1	1017	31378	28331	0.0	1726	1017	149831
depolymerase_CDS_0012	LC739539.1	85.054	1017	151	1	1	1017	75535	78582	0.0	1726	1017	150689
depolymerase_CDS_0012	LC739534.1	84.759	1017	154	1	1	1017	102647	99600	0.0	1724	1017	154550
depolymerase_CDS_0012	LC739533.1	84.759	1017	154	1	1	1017	144972	141925	0.0	1724	1017	154443
depolymerase_CDS_0012	LC739535.1	84.759	1017	154	1	1	1017	44127	41080	0.0	1724	1017	154550
depolymerase_CDS_0012	OR544956.1	100.000	501	0	0	517	1017	56997	55495	0.0	1005	1017	130723
depolymerase_CDS_0012	OR544956.1	98.819	254	3	0	263	516	57755	56994	3.73e-140	464	1017	130723
depolymerase_CDS_0012	OR544956.1	98.824	170	2	0	1	170	58261	57752	2.21e-99	343	1017	130723
