tape_measure_protein	MT496970.1	99.679	624	2	0	1	624	80401	78530	0.0	1067	624	151202
tape_measure_protein	OQ031492.1	99.679	624	2	0	1	624	71999	73870	0.0	1067	624	149246
tape_measure_protein	MT944117.1	99.679	624	2	0	1	624	123478	125349	0.0	1067	624	152343
tape_measure_protein	MZ726793.1	99.679	624	2	0	1	624	76977	78848	0.0	1067	624	151660
tape_measure_protein	NC_052662.1	99.679	624	2	0	1	624	80401	78530	0.0	1067	624	151202
tape_measure_protein	PP129558.1	99.679	624	2	0	1	624	72317	74188	0.0	1067	624	149967
tape_measure_protein	OP172792.1	99.679	624	2	0	1	624	81299	79428	0.0	1067	624	151993
tape_measure_protein	OP562383.1	99.679	624	2	0	1	624	70294	72165	0.0	1067	624	148647
tape_measure_protein	OM386659.1	99.679	624	2	0	1	624	70847	72718	0.0	1067	624	149194
tape_measure_protein	OM362897.1	99.679	624	2	0	1	624	142172	140301	0.0	1067	624	152401
tape_measure_protein	MN850571.1	99.679	624	2	0	1	624	143194	141323	0.0	1067	624	151514
tape_measure_protein	NC_052658.1	99.679	624	2	0	1	624	143194	141323	0.0	1067	624	151514
tape_measure_protein	OL739525.1	99.519	624	3	0	1	624	70775	72646	0.0	1066	624	151825
tape_measure_protein	PQ433349.1	99.840	624	1	0	1	624	52977	54848	0.0	1066	624	151245
tape_measure_protein	NC_052654.1	99.519	624	3	0	1	624	51948	50077	0.0	1066	624	151671
tape_measure_protein	OL631481.1	99.519	624	3	0	1	624	28338	26467	0.0	1066	624	149818
tape_measure_protein	MH051333.1	99.519	624	3	0	1	624	51948	50077	0.0	1066	624	151671
tape_measure_protein	NC_052660.1	99.359	624	4	0	1	624	85613	83742	0.0	1066	624	150473
tape_measure_protein	MN850618.1	99.359	624	4	0	1	624	85613	83742	0.0	1066	624	150473
tape_measure_protein	LR597654.1	99.359	624	4	0	1	624	79302	81173	0.0	1064	624	150152
tape_measure_protein	MK373788.1	99.359	624	4	0	1	624	71961	73832	0.0	1064	624	151194
tape_measure_protein	KX552041.2	99.359	624	4	0	1	624	73358	75229	0.0	1064	624	149813
tape_measure_protein	MH160766.1	99.359	624	4	0	1	624	72070	73941	0.0	1064	624	149803
tape_measure_protein	OR062524.1	99.359	624	4	0	1	624	70982	72853	0.0	1064	624	150431
tape_measure_protein	NC_052661.1	99.359	624	4	0	1	624	109480	111351	0.0	1064	624	150947
tape_measure_protein	OL505078.1	99.359	624	4	0	1	624	72199	74070	0.0	1064	624	151425
tape_measure_protein	NC_047770.1	99.359	624	4	0	1	624	73358	75229	0.0	1064	624	149813
tape_measure_protein	MN850565.1	99.359	624	4	0	1	624	109480	111351	0.0	1064	624	150947
tape_measure_protein	NC_048196.1	99.359	624	4	0	1	624	71961	73832	0.0	1064	624	151194
tape_measure_protein	MN850598.1	99.199	624	5	0	1	624	127991	126120	0.0	1064	624	144998
tape_measure_protein	OR786310.1	99.359	624	4	0	1	624	83026	84897	0.0	1064	624	149880
tape_measure_protein	NC_052659.1	99.199	624	5	0	1	624	127991	126120	0.0	1064	624	144998
tape_measure_protein	JX561091.1	99.359	624	4	0	1	624	74956	76827	0.0	1063	624	147737
tape_measure_protein	NC_020079.1	99.359	624	4	0	1	624	74956	76827	0.0	1063	624	147737
tape_measure_protein	KX664695.3	99.359	624	4	0	1	624	72012	73883	0.0	1063	624	149268
tape_measure_protein	PQ826431.1	99.199	624	5	0	1	624	77454	79325	0.0	1063	624	151106
tape_measure_protein	OM386667.1	99.359	624	4	0	1	624	74485	76356	0.0	1063	624	156300
tape_measure_protein	NC_047776.2	99.359	624	4	0	1	624	72012	73883	0.0	1063	624	149268
tape_measure_protein	OR062526.1	99.199	624	5	0	1	624	71573	73444	0.0	1063	624	151980
tape_measure_protein	OR062529.1	99.199	624	5	0	1	624	71573	73444	0.0	1063	624	151980
tape_measure_protein	OR352956.1	99.199	624	5	0	1	624	11979	13850	0.0	1063	624	149254
tape_measure_protein	OZ035728.1	99.199	624	5	0	1	624	13630	15501	0.0	1063	624	149471
tape_measure_protein	LR746137.1	99.199	624	5	0	1	624	65345	67216	0.0	1063	624	152148
tape_measure_protein	OP595145.1	99.199	624	5	0	1	624	72986	74857	0.0	1063	624	151363
tape_measure_protein	OZ035743.1	99.519	624	3	0	1	624	13630	15501	0.0	1062	624	142881
tape_measure_protein	MW175890.1	99.199	624	5	0	1	624	13602	15473	0.0	1062	624	150892
tape_measure_protein	NC_062742.1	99.199	624	5	0	1	624	13602	15473	0.0	1062	624	150892
tape_measure_protein	OR437326.1	99.038	624	6	0	1	624	51627	53498	0.0	1061	624	148445
tape_measure_protein	PV191315.1	98.878	624	7	0	1	624	128180	126309	0.0	1060	624	151674
tape_measure_protein	OM386656.1	98.878	624	7	0	1	624	57723	59594	0.0	1060	624	149073
tape_measure_protein	OR352955.1	98.878	624	7	0	1	624	11715	13586	0.0	1060	624	152808
tape_measure_protein	PV730300.1	97.276	624	17	0	1	624	73346	75217	0.0	1045	624	146712
tape_measure_protein	NC_052656.1	97.115	624	18	0	1	624	124498	126369	0.0	1045	624	149335
tape_measure_protein	MN850648.1	97.115	624	18	0	1	624	124498	126369	0.0	1045	624	149335
tape_measure_protein	NC_047994.1	97.276	624	17	0	1	624	55275	57146	0.0	1043	624	150925
tape_measure_protein	MH252123.1	97.276	624	17	0	1	624	55275	57146	0.0	1043	624	150925
tape_measure_protein	OZ035771.1	96.635	624	21	0	1	624	13631	15502	0.0	1038	624	144811
tape_measure_protein	OR067838.1	99.083	545	5	0	80	624	79003	77369	0.0	1003	624	149856
tape_measure_protein	OR067838.1	100.000	58	0	0	1	58	79241	79068	1.59e-12	69.3	624	149856
tape_measure_protein	OP172791.1	94.071	624	36	1	1	624	77252	75384	0.0	994	624	151113
tape_measure_protein	OR544956.1	91.346	624	6	1	1	624	71934	70207	0.0	938	624	130723
tape_measure_protein	LC739534.1	68.599	621	183	2	1	620	116850	115021	0.0	768	624	154550
tape_measure_protein	LC739533.1	68.599	621	183	2	1	620	4880	3051	0.0	768	624	154443
tape_measure_protein	LC739535.1	68.599	621	183	2	1	620	58330	56501	0.0	768	624	154550
tape_measure_protein	LC739537.1	56.240	633	245	7	1	622	46669	44834	5.42e-179	561	624	149831
tape_measure_protein	LC739539.1	56.240	633	245	7	1	622	60244	62079	5.42e-179	561	624	150689
