DNA_invertase	OR544956.1	100.000	223	0	0	1	223	125509	124841	1.45e-147	452	223	130723
DNA_invertase	OZ035743.1	100.000	223	0	0	1	223	95683	96351	1.46e-147	452	223	142881
DNA_invertase	OZ035771.1	100.000	223	0	0	1	223	96274	96942	1.46e-147	452	223	144811
DNA_invertase	MN850598.1	100.000	223	0	0	1	223	43297	42629	1.46e-147	452	223	144998
DNA_invertase	NC_052659.1	100.000	223	0	0	1	223	43297	42629	1.46e-147	452	223	144998
DNA_invertase	JX561091.1	100.000	223	0	0	1	223	16627	17295	1.46e-147	452	223	147737
DNA_invertase	NC_020079.1	100.000	223	0	0	1	223	16627	17295	1.46e-147	452	223	147737
DNA_invertase	OR437326.1	100.000	223	0	0	1	223	140898	141566	1.46e-147	452	223	148445
DNA_invertase	OP562383.1	100.000	223	0	0	1	223	11640	12308	1.46e-147	452	223	148647
DNA_invertase	OM386656.1	100.000	223	0	0	1	223	146051	146719	1.46e-147	452	223	149073
DNA_invertase	OQ031492.1	100.000	223	0	0	1	223	10021	10689	1.46e-147	452	223	149246
DNA_invertase	OR352956.1	100.000	223	0	0	1	223	101512	102180	1.46e-147	452	223	149254
DNA_invertase	KX664695.3	100.000	223	0	0	1	223	10017	10685	1.46e-147	452	223	149268
DNA_invertase	NC_047776.2	100.000	223	0	0	1	223	10017	10685	1.46e-147	452	223	149268
DNA_invertase	NC_052656.1	100.000	223	0	0	1	223	65949	66617	1.46e-147	452	223	149335
DNA_invertase	MN850648.1	100.000	223	0	0	1	223	65949	66617	1.46e-147	452	223	149335
DNA_invertase	OZ035728.1	100.000	223	0	0	1	223	103504	104172	1.46e-147	452	223	149471
DNA_invertase	MH160766.1	100.000	223	0	0	1	223	11559	12227	1.46e-147	452	223	149803
DNA_invertase	KX552041.2	100.000	223	0	0	1	223	12534	13202	1.46e-147	452	223	149813
DNA_invertase	NC_047770.1	100.000	223	0	0	1	223	12534	13202	1.46e-147	452	223	149813
DNA_invertase	OL631481.1	100.000	223	0	0	1	223	88625	87957	1.46e-147	452	223	149818
DNA_invertase	OR067838.1	100.000	223	0	0	1	223	139659	138991	1.46e-147	452	223	149856
DNA_invertase	OR786310.1	100.000	223	0	0	1	223	23705	24373	1.46e-147	452	223	149880
DNA_invertase	PP129558.1	100.000	223	0	0	1	223	10323	10991	1.46e-147	452	223	149967
DNA_invertase	LR597654.1	100.000	223	0	0	1	223	18798	19466	1.46e-147	452	223	150152
DNA_invertase	OR062524.1	100.000	223	0	0	1	223	10476	11144	1.46e-147	452	223	150431
DNA_invertase	MW175890.1	100.000	223	0	0	1	223	103549	104217	1.46e-147	452	223	150892
DNA_invertase	NC_062742.1	100.000	223	0	0	1	223	103549	104217	1.46e-147	452	223	150892
DNA_invertase	NC_047994.1	100.000	223	0	0	1	223	146672	147340	1.46e-147	452	223	150925
DNA_invertase	MH252123.1	100.000	223	0	0	1	223	146672	147340	1.46e-147	452	223	150925
DNA_invertase	NC_052661.1	100.000	223	0	0	1	223	49065	49733	1.46e-147	452	223	150947
DNA_invertase	MN850565.1	100.000	223	0	0	1	223	49065	49733	1.46e-147	452	223	150947
DNA_invertase	PQ826431.1	100.000	223	0	0	1	223	17549	18217	1.46e-147	452	223	151106
DNA_invertase	OP172791.1	100.000	223	0	0	1	223	135794	135126	1.46e-147	452	223	151113
DNA_invertase	MT496970.1	100.000	223	0	0	1	223	138954	138286	1.46e-147	452	223	151202
DNA_invertase	NC_052662.1	100.000	223	0	0	1	223	138954	138286	1.46e-147	452	223	151202
DNA_invertase	PQ433349.1	100.000	223	0	0	1	223	142794	143462	1.46e-147	452	223	151245
DNA_invertase	OP595145.1	100.000	223	0	0	1	223	12499	13167	1.46e-147	452	223	151363
DNA_invertase	OL505078.1	100.000	223	0	0	1	223	11554	12222	1.46e-147	452	223	151425
DNA_invertase	MN850571.1	100.000	223	0	0	1	223	54615	53947	1.46e-147	452	223	151514
DNA_invertase	NC_052658.1	100.000	223	0	0	1	223	54615	53947	1.46e-147	452	223	151514
DNA_invertase	MZ726793.1	100.000	223	0	0	1	223	16287	16955	1.46e-147	452	223	151660
DNA_invertase	NC_052654.1	100.000	223	0	0	1	223	112453	111785	1.46e-147	452	223	151671
DNA_invertase	MH051333.1	100.000	223	0	0	1	223	112453	111785	1.46e-147	452	223	151671
DNA_invertase	PV191315.1	100.000	223	0	0	1	223	36894	36226	1.46e-147	452	223	151674
DNA_invertase	OL739525.1	100.000	223	0	0	1	223	11910	12578	1.46e-147	452	223	151825
DNA_invertase	OR062526.1	100.000	223	0	0	1	223	10476	11144	1.46e-147	452	223	151980
DNA_invertase	OR062529.1	100.000	223	0	0	1	223	10476	11144	1.46e-147	452	223	151980
DNA_invertase	OP172792.1	100.000	223	0	0	1	223	139691	139023	1.46e-147	452	223	151993
DNA_invertase	LR746137.1	100.000	223	0	0	1	223	4427	5095	1.46e-147	452	223	152148
DNA_invertase	MT944117.1	100.000	223	0	0	1	223	62807	63475	1.46e-147	452	223	152343
DNA_invertase	OM362897.1	100.000	223	0	0	1	223	50769	50101	1.46e-147	452	223	152401
DNA_invertase	OR352955.1	100.000	223	0	0	1	223	102767	103435	1.46e-147	452	223	152808
DNA_invertase	OM386659.1	99.552	223	1	0	1	223	12311	12979	4.69e-147	451	223	149194
DNA_invertase	OM386667.1	99.552	223	1	0	1	223	12490	13158	4.69e-147	451	223	156300
DNA_invertase	PV730300.1	99.552	223	1	0	1	223	13269	13937	5.53e-147	451	223	146712
DNA_invertase	NC_052660.1	99.552	223	1	0	1	223	145072	144404	5.53e-147	451	223	150473
DNA_invertase	MN850618.1	99.552	223	1	0	1	223	145072	144404	5.53e-147	451	223	150473
DNA_invertase	LC739533.1	74.554	224	56	1	1	223	66960	66289	4.28e-104	328	223	154443
DNA_invertase	LC739534.1	74.554	224	56	1	1	223	24528	23857	4.28e-104	328	223	154550
DNA_invertase	LC739535.1	74.554	224	56	1	1	223	120410	119739	4.28e-104	328	223	154550
DNA_invertase	LC739537.1	73.661	224	58	1	1	223	108516	107845	4.71e-104	328	223	149831
DNA_invertase	LC739539.1	73.661	224	58	1	1	223	148937	149608	4.71e-104	328	223	150689
DNA_invertase	MK373788.1	90.751	173	13	1	51	223	11443	11952	4.25e-96	305	223	151194
DNA_invertase	MK373788.1	56.579	76	29	2	1	76	11303	11518	2.70e-13	67.0	223	151194
DNA_invertase	NC_048196.1	90.751	173	13	1	51	223	11443	11952	4.25e-96	305	223	151194
DNA_invertase	NC_048196.1	56.579	76	29	2	1	76	11303	11518	2.70e-13	67.0	223	151194
