depolymerase_CDS_0012	PV191315.1	99.902	1017	1017	151674	0.0	1979
depolymerase_CDS_0012	OP172792.1	99.902	1017	1017	151993	0.0	1979
depolymerase_CDS_0012	OP562383.1	99.902	1017	1017	148647	0.0	1979
depolymerase_CDS_0012	MZ726793.1	99.803	1017	1017	151660	0.0	1978
depolymerase_CDS_0012	OL739525.1	99.705	1017	1017	151825	0.0	1977
depolymerase_CDS_0012	OP172791.1	99.607	1017	1017	151113	0.0	1977
depolymerase_CDS_0012	OQ031492.1	99.803	1017	1017	149246	0.0	1976
depolymerase_CDS_0012	NC_047994.1	99.607	1017	1017	150925	0.0	1976
depolymerase_CDS_0012	MH252123.1	99.607	1017	1017	150925	0.0	1976
depolymerase_CDS_0012	OR786310.1	99.705	1017	1017	149880	0.0	1976
depolymerase_CDS_0012	PP129558.1	99.705	1017	1017	149967	0.0	1976
depolymerase_CDS_0012	OM386656.1	99.607	1017	1017	149073	0.0	1976
depolymerase_CDS_0012	OR352956.1	99.607	1017	1017	149254	0.0	1976
depolymerase_CDS_0012	MT496970.1	99.705	1017	1017	151202	0.0	1975
depolymerase_CDS_0012	NC_052662.1	99.705	1017	1017	151202	0.0	1975
depolymerase_CDS_0012	OM386659.1	99.705	1017	1017	149194	0.0	1975
depolymerase_CDS_0012	OZ035743.1	99.607	1017	1017	142881	0.0	1974
depolymerase_CDS_0012	NC_052661.1	99.607	1017	1017	150947	0.0	1974
depolymerase_CDS_0012	NC_052661.1	44.595	74	1017	150947	5.19e-11	65.5
depolymerase_CDS_0012	MN850565.1	99.607	1017	1017	150947	0.0	1974
depolymerase_CDS_0012	MN850565.1	44.595	74	1017	150947	5.19e-11	65.5
depolymerase_CDS_0012	LR597654.1	99.705	1017	1017	150152	0.0	1974
depolymerase_CDS_0012	MK373788.1	99.705	1017	1017	151194	0.0	1974
depolymerase_CDS_0012	OR062524.1	99.705	1017	1017	150431	0.0	1974
depolymerase_CDS_0012	MW175890.1	99.705	1017	1017	150892	0.0	1974
depolymerase_CDS_0012	JX561091.1	99.705	1017	1017	147737	0.0	1974
depolymerase_CDS_0012	NC_052654.1	99.705	1017	1017	151671	0.0	1974
depolymerase_CDS_0012	OR062526.1	99.705	1017	1017	151980	0.0	1974
depolymerase_CDS_0012	OR062529.1	99.705	1017	1017	151980	0.0	1974
depolymerase_CDS_0012	NC_062742.1	99.705	1017	1017	150892	0.0	1974
depolymerase_CDS_0012	MH051333.1	99.705	1017	1017	151671	0.0	1974
depolymerase_CDS_0012	MN850571.1	99.705	1017	1017	151514	0.0	1974
depolymerase_CDS_0012	NC_052658.1	99.705	1017	1017	151514	0.0	1974
depolymerase_CDS_0012	NC_048196.1	99.705	1017	1017	151194	0.0	1974
depolymerase_CDS_0012	OP595145.1	99.705	1017	1017	151363	0.0	1974
depolymerase_CDS_0012	NC_020079.1	99.705	1017	1017	147737	0.0	1974
depolymerase_CDS_0012	OR352955.1	99.705	1017	1017	152808	0.0	1974
depolymerase_CDS_0012	OM362897.1	99.705	1017	1017	152401	0.0	1974
depolymerase_CDS_0012	MH160766.1	99.607	1017	1017	149803	0.0	1973
depolymerase_CDS_0012	MT944117.1	99.607	1017	1017	152343	0.0	1973
depolymerase_CDS_0012	PV730300.1	99.607	1017	1017	146712	0.0	1973
depolymerase_CDS_0012	OL505078.1	99.607	1017	1017	151425	0.0	1973
depolymerase_CDS_0012	PQ826431.1	99.607	1017	1017	151106	0.0	1973
depolymerase_CDS_0012	OL631481.1	99.410	1017	1017	149818	0.0	1972
depolymerase_CDS_0012	OZ035771.1	99.410	1017	1017	144811	0.0	1972
depolymerase_CDS_0012	MN850598.1	99.607	1017	1017	144998	0.0	1972
depolymerase_CDS_0012	NC_052660.1	99.607	1017	1017	150473	0.0	1972
depolymerase_CDS_0012	NC_052659.1	99.607	1017	1017	144998	0.0	1972
depolymerase_CDS_0012	MN850618.1	99.607	1017	1017	150473	0.0	1972
depolymerase_CDS_0012	KX552041.2	99.607	1017	1017	149813	0.0	1971
depolymerase_CDS_0012	NC_047770.1	99.607	1017	1017	149813	0.0	1971
depolymerase_CDS_0012	NC_052656.1	99.508	1017	1017	149335	0.0	1971
depolymerase_CDS_0012	MN850648.1	99.508	1017	1017	149335	0.0	1971
depolymerase_CDS_0012	KX664695.3	99.312	1017	1017	149268	0.0	1969
depolymerase_CDS_0012	OM386667.1	99.312	1017	1017	156300	0.0	1969
depolymerase_CDS_0012	NC_047776.2	99.312	1017	1017	149268	0.0	1969
depolymerase_CDS_0012	PQ433349.1	99.607	1017	1017	151245	0.0	1969
depolymerase_CDS_0012	OZ035728.1	99.607	1017	1017	149471	0.0	1969
depolymerase_CDS_0012	LR746137.1	99.607	1017	1017	152148	0.0	1969
depolymerase_CDS_0012	OR437326.1	99.607	1017	1017	148445	0.0	1953
depolymerase_CDS_0012	OR067838.1	98.701	924	1017	149856	0.0	1761
depolymerase_CDS_0012	OR067838.1	99.029	103	1017	149856	7.63e-56	211
depolymerase_CDS_0012	LC739537.1	85.054	1017	1017	149831	0.0	1726
depolymerase_CDS_0012	LC739539.1	85.054	1017	1017	150689	0.0	1726
depolymerase_CDS_0012	LC739534.1	84.759	1017	1017	154550	0.0	1724
depolymerase_CDS_0012	LC739533.1	84.759	1017	1017	154443	0.0	1724
depolymerase_CDS_0012	LC739535.1	84.759	1017	1017	154550	0.0	1724
depolymerase_CDS_0012	OR544956.1	100.000	501	1017	130723	0.0	1005
depolymerase_CDS_0012	OR544956.1	98.819	254	1017	130723	3.73e-140	464
depolymerase_CDS_0012	OR544956.1	98.824	170	1017	130723	2.21e-99	343
