portal_protein_CDS_0043	OR062524.1	100.000	521	0	0	1	521	60853	62415	0.0	1071	521	150431
portal_protein_CDS_0043	KX664695.3	100.000	521	0	0	1	521	61884	63446	0.0	1071	521	149268
portal_protein_CDS_0043	OM386667.1	100.000	521	0	0	1	521	64357	65919	0.0	1071	521	156300
portal_protein_CDS_0043	OR062526.1	100.000	521	0	0	1	521	61445	63007	0.0	1071	521	151980
portal_protein_CDS_0043	OR062529.1	100.000	521	0	0	1	521	61445	63007	0.0	1071	521	151980
portal_protein_CDS_0043	NC_047776.2	100.000	521	0	0	1	521	61884	63446	0.0	1071	521	149268
portal_protein_CDS_0043	OR067838.1	100.000	521	0	0	1	521	89374	87812	0.0	1071	521	149856
portal_protein_CDS_0043	PQ433349.1	100.000	521	0	0	1	521	42849	44411	0.0	1071	521	151245
portal_protein_CDS_0043	OP595145.1	100.000	521	0	0	1	521	62857	64419	0.0	1071	521	151363
portal_protein_CDS_0043	PV730300.1	99.808	521	1	0	1	521	61575	63137	0.0	1071	521	146712
portal_protein_CDS_0043	LR597654.1	99.808	521	1	0	1	521	69173	70735	0.0	1071	521	150152
portal_protein_CDS_0043	OZ035743.1	99.808	521	1	0	1	521	3502	5064	0.0	1071	521	142881
portal_protein_CDS_0043	MK373788.1	99.808	521	1	0	1	521	61832	63394	0.0	1071	521	151194
portal_protein_CDS_0043	KX552041.2	99.808	521	1	0	1	521	63230	64792	0.0	1071	521	149813
portal_protein_CDS_0043	MH160766.1	99.808	521	1	0	1	521	61942	63504	0.0	1071	521	149803
portal_protein_CDS_0043	OL739525.1	99.808	521	1	0	1	521	60647	62209	0.0	1071	521	151825
portal_protein_CDS_0043	MT496970.1	99.808	521	1	0	1	521	90529	88967	0.0	1071	521	151202
portal_protein_CDS_0043	OR437326.1	99.808	521	1	0	1	521	41499	43061	0.0	1071	521	148445
portal_protein_CDS_0043	MN850598.1	99.808	521	1	0	1	521	138119	136557	0.0	1071	521	144998
portal_protein_CDS_0043	MW175890.1	99.808	521	1	0	1	521	3474	5036	0.0	1071	521	150892
portal_protein_CDS_0043	NC_052661.1	99.808	521	1	0	1	521	99352	100914	0.0	1071	521	150947
portal_protein_CDS_0043	NC_052654.1	99.808	521	1	0	1	521	62076	60514	0.0	1071	521	151671
portal_protein_CDS_0043	OQ031492.1	99.808	521	1	0	1	521	61871	63433	0.0	1071	521	149246
portal_protein_CDS_0043	OP172791.1	99.808	521	1	0	1	521	87380	85818	0.0	1071	521	151113
portal_protein_CDS_0043	OL505078.1	99.808	521	1	0	1	521	62071	63633	0.0	1071	521	151425
portal_protein_CDS_0043	NC_047770.1	99.808	521	1	0	1	521	63230	64792	0.0	1071	521	149813
portal_protein_CDS_0043	NC_047994.1	99.808	521	1	0	1	521	45147	46709	0.0	1071	521	150925
portal_protein_CDS_0043	NC_052656.1	99.808	521	1	0	1	521	114370	115932	0.0	1071	521	149335
portal_protein_CDS_0043	MN850565.1	99.808	521	1	0	1	521	99352	100914	0.0	1071	521	150947
portal_protein_CDS_0043	OR786310.1	99.808	521	1	0	1	521	72898	74460	0.0	1071	521	149880
portal_protein_CDS_0043	NC_052660.1	99.808	521	1	0	1	521	95741	94179	0.0	1071	521	150473
portal_protein_CDS_0043	MT944117.1	99.808	521	1	0	1	521	113350	114912	0.0	1071	521	152343
portal_protein_CDS_0043	NC_052659.1	99.808	521	1	0	1	521	138119	136557	0.0	1071	521	144998
portal_protein_CDS_0043	MZ726793.1	99.808	521	1	0	1	521	66849	68411	0.0	1071	521	151660
portal_protein_CDS_0043	OL631481.1	99.808	521	1	0	1	521	38466	36904	0.0	1071	521	149818
portal_protein_CDS_0043	NC_052662.1	99.808	521	1	0	1	521	90529	88967	0.0	1071	521	151202
portal_protein_CDS_0043	NC_062742.1	99.808	521	1	0	1	521	3474	5036	0.0	1071	521	150892
portal_protein_CDS_0043	MH051333.1	99.808	521	1	0	1	521	62076	60514	0.0	1071	521	151671
portal_protein_CDS_0043	MN850571.1	99.808	521	1	0	1	521	3451	1889	0.0	1071	521	151514
portal_protein_CDS_0043	OR544956.1	99.808	521	1	0	1	521	81880	80318	0.0	1071	521	130723
portal_protein_CDS_0043	MN850648.1	99.808	521	1	0	1	521	114370	115932	0.0	1071	521	149335
portal_protein_CDS_0043	PV191315.1	99.808	521	1	0	1	521	138308	136746	0.0	1071	521	151674
portal_protein_CDS_0043	NC_052658.1	99.808	521	1	0	1	521	3451	1889	0.0	1071	521	151514
portal_protein_CDS_0043	OM386656.1	99.808	521	1	0	1	521	47595	49157	0.0	1071	521	149073
portal_protein_CDS_0043	PP129558.1	99.808	521	1	0	1	521	62189	63751	0.0	1071	521	149967
portal_protein_CDS_0043	OR352956.1	99.808	521	1	0	1	521	1852	3414	0.0	1071	521	149254
portal_protein_CDS_0043	OP172792.1	99.808	521	1	0	1	521	91427	89865	0.0	1071	521	151993
portal_protein_CDS_0043	MN850618.1	99.808	521	1	0	1	521	95741	94179	0.0	1071	521	150473
portal_protein_CDS_0043	OZ035728.1	99.808	521	1	0	1	521	3502	5064	0.0	1071	521	149471
portal_protein_CDS_0043	OP562383.1	99.808	521	1	0	1	521	60166	61728	0.0	1071	521	148647
portal_protein_CDS_0043	NC_048196.1	99.808	521	1	0	1	521	61832	63394	0.0	1071	521	151194
portal_protein_CDS_0043	OM386659.1	99.808	521	1	0	1	521	60719	62281	0.0	1071	521	149194
portal_protein_CDS_0043	OR352955.1	99.808	521	1	0	1	521	1587	3149	0.0	1071	521	152808
portal_protein_CDS_0043	MH252123.1	99.808	521	1	0	1	521	45147	46709	0.0	1071	521	150925
portal_protein_CDS_0043	OZ035771.1	99.808	521	1	0	1	521	3502	5064	0.0	1070	521	144811
portal_protein_CDS_0043	JX561091.1	99.424	521	3	0	1	521	64828	66390	0.0	1068	521	147737
portal_protein_CDS_0043	NC_020079.1	99.424	521	3	0	1	521	64828	66390	0.0	1068	521	147737
portal_protein_CDS_0043	OM362897.1	99.616	521	2	0	1	521	152300	150738	0.0	1068	521	152401
portal_protein_CDS_0043	PQ826431.1	99.616	521	2	0	1	521	67326	68888	0.0	1067	521	151106
portal_protein_CDS_0043	LR746137.1	99.232	521	4	0	1	521	55217	56779	0.0	1066	521	152148
portal_protein_CDS_0043	LC739534.1	89.251	521	56	0	1	521	126971	125409	0.0	974	521	154550
portal_protein_CDS_0043	LC739533.1	89.251	521	56	0	1	521	15001	13439	0.0	974	521	154443
portal_protein_CDS_0043	LC739535.1	89.251	521	56	0	1	521	68451	66889	0.0	974	521	154550
portal_protein_CDS_0043	LC739537.1	89.060	521	57	0	1	521	56791	55229	0.0	972	521	149831
portal_protein_CDS_0043	LC739539.1	89.060	521	57	0	1	521	50122	51684	0.0	972	521	150689
