contig_id	cds_id	start	end	strand	phrog	function	product	annotation_method	annotation_confidence	transl_table	bitscore	fident	evalue	qStart	qEnd	qLen	qCov	tStart	tEnd	tLen	tCov	annotation_source	tophit_protein	function_with_highest_bitscore_proportion	top_bitscore_proportion_not_unknown	head_and_packaging_bitscore_proportion	integration_and_excision_bitscore_proportion	tail_bitscore_proportion	moron_auxiliary_metabolic_gene_and_host_takeover_bitscore_proportion	DNA_RNA_and_nucleotide_metabolism_bitscore_proportion	connector_bitscore_proportion	transcription_regulation_bitscore_proportion	lysis_bitscore_proportion	other_bitscore_proportion	unknown_function_bitscore_proportion	prostt5_confidence
1	ETMEFFSM_CDS_0001	93	1	-	1989	unknown function	hypothetical protein	pharokka	pharokka	11																										48.8125
1	ETMEFFSM_CDS_0002	1215	106	-	530	head and packaging	head maturation protease	foldseek	high	11	1819.0	0.785	2.522e-45	1.0	368.0	369.0	0.99	1.0	361.0	362.0	0.99	foldseek	protein288588	head and packaging	1.0	1.0	0.0	0.0	0.0	0.0	0.0	0.0	0.0	0.0	0.0	63.1875
1	ETMEFFSM_CDS_0003	1992	1264	-	324	head and packaging	head morphogenesis	foldseek	high	11	1116.0	0.747	2.415e-23	1.0	242.0	242.0	1.0	1.0	242.0	242.0	1.0	foldseek	protein397233	head and packaging	1.0	1.0	0.0	0.0	0.0	0.0	0.0	0.0	0.0	0.0	0.0	62.5625
1	ETMEFFSM_CDS_0004	3226	1949	-	146	head and packaging	portal protein	foldseek	high	11	2198.0	0.736	1.735e-50	1.0	425.0	425.0	1.0	1.0	422.0	422.0	1.0	foldseek	protein107794	head and packaging	0.999	0.999	0.0	0.0	0.0	0.0	0.001	0.0	0.0	0.0	0.0	60.6875
1	ETMEFFSM_CDS_0005	3638	3285	-	14592	head and packaging	virion structural protein	foldseek	low	11	262.0	0.295	5.458e-05	2.0	117.0	117.0	0.98	6.0	118.0	118.0	0.95	foldseek	protein331406	head and packaging	1.0	1.0	0.0	0.0	0.0	0.0	0.0	0.0	0.0	0.0	0.0	49.875
1	ETMEFFSM_CDS_0006	5327	3708	-	38	head and packaging	terminase large subunit	foldseek	high	11	3083.0	0.737	2.331e-72	22.0	539.0	539.0	0.96	6.0	523.0	523.0	0.99	foldseek	protein284432	head and packaging	0.999	0.999	0.0	0.0	0.0	0.0	0.0	0.0	0.0	0.001	0.0	61.96875
1	ETMEFFSM_CDS_0007	5919	5395	-	606	head and packaging	terminase small subunit	foldseek	high	11	706.0	0.676	1.600e-16	1.0	173.0	174.0	0.99	1.0	171.0	172.0	0.99	foldseek	protein707942	head and packaging	1.0	1.0	0.0	0.0	0.0	0.0	0.0	0.0	0.0	0.0	0.0	66.0
1	ETMEFFSM_CDS_0008	6057	5953	-	No_PHROG	unknown function	hypothetical protein	none	none	11																										82.9375
1	ETMEFFSM_CDS_0009	6232	6044	-	51700	unknown function	hypothetical protein	foldseek	medium	11	294.0	0.803	5.779e-07	2.0	62.0	62.0	0.97	26.0	86.0	86.0	0.7	foldseek	singleton65591	unknown function	0.0	0.0	0.0	0.0	0.0	0.0	0.0	0.0	0.0	0.0	0.0	64.375
1	ETMEFFSM_CDS_0010	6425	6213	-	16862	unknown function	hypothetical protein	foldseek	low	11	224.0	0.517	1.916e-04	1.0	56.0	70.0	0.79	1.0	56.0	60.0	0.92	foldseek	envhog_2xcl	unknown function	0.0	0.0	0.0	0.0	0.0	0.0	0.0	0.0	0.0	0.0	0.0	58.1875
1	ETMEFFSM_CDS_0011	6697	6936	+	No_PHROG	unknown function	hypothetical protein	none	none	11																										78.6875
1	ETMEFFSM_CDS_0012	7123	6917	-	No_PHROG	unknown function	hypothetical protein	none	none	11																										54.875
1	ETMEFFSM_CDS_0013	7233	7132	-	No_PHROG	unknown function	hypothetical protein	none	none	11																										96.5625
1	ETMEFFSM_CDS_0014	7462	7226	-	303	unknown function	hypothetical protein	pharokka	pharokka	11																										53.71875
1	ETMEFFSM_CDS_0015	7675	7532	-	22596	unknown function	hypothetical protein	pharokka	pharokka	11																										66.4375
1	ETMEFFSM_CDS_0016	7797	7663	-	1312	unknown function	hypothetical protein	foldseek	high	11	201.0	0.725	5.823e-04	1.0	40.0	44.0	0.89	1.0	40.0	41.0	0.95	foldseek	protein787443	unknown function	0.0	0.0	0.0	0.0	0.0	0.0	0.0	0.0	0.0	0.0	0.0	79.3125
1	ETMEFFSM_CDS_0017	7961	7797	-	38524	unknown function	hypothetical protein	pharokka	pharokka	11																										66.875
1	ETMEFFSM_CDS_0018	8114	7980	-	No_PHROG	unknown function	hypothetical protein	none	none	11																										89.1875
1	ETMEFFSM_CDS_0019	8547	8125	-	2118	DNA, RNA and nucleotide metabolism	HNH endonuclease	foldseek	high	11	607.0	0.764	1.292e-15	1.0	140.0	140.0	0.99	2.0	141.0	141.0	0.99	foldseek	protein472732	DNA, RNA and nucleotide metabolism	0.991	0.0	0.0	0.0	0.009	0.991	0.0	0.0	0.0	0.0	0.0	59.1875
1	ETMEFFSM_CDS_0020	8737	8558	-	7411	unknown function	hypothetical protein	pharokka	pharokka	11																										68.6875
1	ETMEFFSM_CDS_0021	8946	8734	-	5684	unknown function	hypothetical protein	foldseek	high	11	265.0	0.585	1.371e-05	1.0	70.0	70.0	0.99	1.0	70.0	70.0	0.99	foldseek	protein411109	unknown function	0.0	0.0	0.0	0.0	0.0	0.0	0.0	0.0	0.0	0.0	0.0	51.90625
1	ETMEFFSM_CDS_0022	9171	9022	-	3955	unknown function	hypothetical protein	pharokka	pharokka	11																										43.09375
1	ETMEFFSM_CDS_0023	9401	9168	-	16063	unknown function	hypothetical protein	pharokka	pharokka	11																										61.09375
1	ETMEFFSM_CDS_0024	9628	9398	-	2452	other	nucleotide kinase	foldseek	high	11	408.0	0.906	6.525e-10	1.0	75.0	76.0	0.97	1.0	75.0	76.0	0.97	foldseek	protein571803	other	1.0	0.0	0.0	0.0	0.0	0.0	0.0	0.0	0.0	1.0	0.0	68.625
1	ETMEFFSM_CDS_0025	9890	9705	-	3623	unknown function	hypothetical protein	foldseek	high	11	242.0	0.639	3.398e-05	1.0	61.0	61.0	0.98	1.0	61.0	61.0	0.98	foldseek	protein227708	unknown function	0.0	0.0	0.0	0.0	0.0	0.0	0.0	0.0	0.0	0.0	0.0	57.625
1	ETMEFFSM_CDS_0026	10185	9946	-	7717	unknown function	hypothetical protein	foldseek	low	11	194.0	0.62	9.435e-04	20.0	77.0	79.0	0.72	3.0	60.0	61.0	0.93	foldseek	protein630877	unknown function	0.0	0.0	0.0	0.0	0.0	0.0	0.0	0.0	0.0	0.0	0.0	62.3125
1	ETMEFFSM_CDS_0027	10838	10317	-	4841	unknown function	hypothetical protein	foldseek	high	11	499.0	0.556	2.647e-12	1.0	172.0	173.0	0.99	1.0	171.0	172.0	0.99	foldseek	protein150874	unknown function	0.0	0.0	0.0	0.0	0.0	0.0	0.0	0.0	0.0	0.0	0.0	49.15625
1	ETMEFFSM_CDS_0028	11107	10979	-	No_PHROG	unknown function	hypothetical protein	none	none	11																										43.6875
1	ETMEFFSM_CDS_0029	11197	11442	+	No_PHROG	unknown function	hypothetical protein	none	none	11																										57.28125
1	ETMEFFSM_CDS_0030	11511	11705	+	14327	unknown function	hypothetical protein	foldseek	high	11	375.0	0.812	3.211e-08	1.0	64.0	64.0	0.98	1.0	64.0	64.0	0.98	foldseek	protein27153	unknown function	0.0	0.0	0.0	0.0	0.0	0.0	0.0	0.0	0.0	0.0	0.0	68.0
1	ETMEFFSM_CDS_0031	11695	11871	+	9053	unknown function	hypothetical protein	foldseek	high	11	221.0	0.672	5.424e-05	1.0	58.0	58.0	0.98	1.0	58.0	58.0	0.98	foldseek	protein295151	unknown function	0.0	0.0	0.0	0.0	0.0	0.0	0.0	0.0	0.0	0.0	0.0	63.0
1	ETMEFFSM_CDS_0032	11880	12095	+	14327	unknown function	hypothetical protein	pharokka	pharokka	11																										65.0625
1	ETMEFFSM_CDS_0033	12092	12295	+	4448	unknown function	hypothetical protein	pharokka	pharokka	11																										44.25
1	ETMEFFSM_CDS_0034	12295	12459	+	4548	unknown function	hypothetical protein	pharokka	pharokka	11																										61.1875
1	ETMEFFSM_CDS_0035	12519	12680	+	5407	unknown function	hypothetical protein	pharokka	pharokka	11																										49.375
1	ETMEFFSM_CDS_0036	12680	13069	+	2684	unknown function	hypothetical protein	foldseek	high	11	563.0	0.696	2.510e-11	5.0	129.0	129.0	0.96	15.0	139.0	139.0	0.89	foldseek	protein629643	unknown function	0.0	0.0	0.0	0.0	0.0	0.0	0.0	0.0	0.0	0.0	0.0	45.6875
1	ETMEFFSM_CDS_0037	13066	13236	+	3038	unknown function	hypothetical protein	foldseek	high	11	214.0	0.372	2.145e-04	1.0	56.0	56.0	0.98	1.0	57.0	57.0	0.98	foldseek	envhog_24GuP	unknown function	0.0	0.0	0.0	0.0	0.0	0.0	0.0	0.0	0.0	0.0	0.0	67.0625
1	ETMEFFSM_CDS_0038	13296	14879	+	2373	DNA, RNA and nucleotide metabolism	DNA helicase	foldseek	high	11	2852.0	0.868	3.186e-57	1.0	525.0	527.0	0.99	1.0	525.0	527.0	0.99	foldseek	protein72877	DNA, RNA and nucleotide metabolism	1.0	0.0	0.0	0.0	0.0	1.0	0.0	0.0	0.0	0.0	0.0	59.75
1	ETMEFFSM_CDS_0039	14883	15218	+	2794	unknown function	hypothetical protein	foldseek	high	11	299.0	0.527	2.264e-07	1.0	110.0	111.0	0.98	1.0	110.0	111.0	0.98	foldseek	protein762063	unknown function	0.0	0.0	0.0	0.0	0.0	0.0	0.0	0.0	0.0	0.0	0.0	46.1875
1	ETMEFFSM_CDS_0040	15616	15230	-	1804	lysis	Rz-like spanin	foldseek	high	11	270.0	0.684	4.775e-06	1.0	128.0	128.0	0.99	1.0	129.0	129.0	0.99	foldseek	protein406784	lysis	1.0	0.0	0.0	0.0	0.0	0.0	0.0	0.0	1.0	0.0	0.0	56.84375
1	ETMEFFSM_CDS_0041	16098	15613	-	7	lysis	endolysin	foldseek	high	11	975.0	0.807	6.876e-21	1.0	161.0	161.0	0.99	1.0	161.0	161.0	0.99	foldseek	protein243392	lysis	0.999	0.0	0.0	0.001	0.0	0.0	0.0	0.0	0.999	0.0	0.0	74.6875
1	ETMEFFSM_CDS_0042	16361	16098	-	2877	lysis	holin	pharokka	pharokka	11																										82.75
1	ETMEFFSM_CDS_0043	16615	16442	-	4788	moron, auxiliary metabolic gene and host takeover	glycosyltransferase	foldseek	high	11	345.0	0.862	6.500e-07	1.0	57.0	57.0	0.98	1.0	58.0	58.0	0.98	foldseek	protein254148	moron, auxiliary metabolic gene and host takeover	1.0	0.0	0.0	0.0	1.0	0.0	0.0	0.0	0.0	0.0	0.0	59.3125
1	ETMEFFSM_CDS_0044	17228	16674	-	139	other	deoxynucleoside monophosphate kinase	foldseek	high	11	1005.0	0.771	1.794e-25	1.0	184.0	184.0	0.99	1.0	184.0	184.0	0.99	foldseek	protein604965	other	0.997	0.0	0.0	0.0	0.0	0.003	0.0	0.0	0.0	0.997	0.0	68.75
1	ETMEFFSM_CDS_0045	17704	17231	-	415	other	polynucleotide kinase	foldseek	high	11	779.0	0.764	5.534e-20	1.0	157.0	157.0	0.99	1.0	157.0	157.0	0.99	foldseek	protein862206	other	0.934	0.0	0.0	0.0	0.003	0.063	0.0	0.0	0.0	0.934	0.0	65.625
1	ETMEFFSM_CDS_0046	18911	17778	-	704	DNA, RNA and nucleotide metabolism	DNA repair exonuclease	foldseek	high	11	2279.0	0.812	9.109e-58	1.0	377.0	377.0	1.0	1.0	376.0	376.0	1.0	foldseek	protein470291	DNA, RNA and nucleotide metabolism	0.987	0.0	0.0	0.0	0.0	0.987	0.0	0.0	0.0	0.013	0.0	67.0625
1	ETMEFFSM_CDS_0047	19244	18993	-	4596	unknown function	hypothetical protein	foldseek	low	11	290.0	0.72	9.273e-06	1.0	65.0	83.0	0.77	1.0	65.0	83.0	0.77	foldseek	protein469791	unknown function	0.0	0.0	0.0	0.0	0.0	0.0	0.0	0.0	0.0	0.0	0.0	44.5625
1	ETMEFFSM_CDS_0048	19489	19247	-	2817	unknown function	hypothetical protein	foldseek	low	11	200.0	0.686	3.783e-04	14.0	80.0	80.0	0.82	14.0	80.0	82.0	0.8	foldseek	protein837621	unknown function	0.0	0.0	0.0	0.0	0.0	0.0	0.0	0.0	0.0	0.0	0.0	44.375
1	ETMEFFSM_CDS_0049	19611	19486	-	2180	unknown function	hypothetical protein	pharokka	pharokka	11																										72.1875
1	ETMEFFSM_CDS_0050	19832	19611	-	2676	unknown function	hypothetical protein	foldseek	high	11	323.0	0.835	2.322e-07	1.0	73.0	73.0	0.99	1.0	73.0	73.0	0.99	foldseek	protein246893	unknown function	0.0	0.0	0.0	0.0	0.0	0.0	0.0	0.0	0.0	0.0	0.0	65.6875
1	ETMEFFSM_CDS_0051	20032	19838	-	6031	unknown function	hypothetical protein	foldseek	high	11	288.0	0.656	1.278e-05	1.0	64.0	64.0	0.98	1.0	62.0	64.0	0.95	foldseek	protein619201	unknown function	0.0	0.0	0.0	0.0	0.0	0.0	0.0	0.0	0.0	0.0	0.0	57.28125
1	ETMEFFSM_CDS_0052	20530	20111	-	824	DNA, RNA and nucleotide metabolism	nuclease	foldseek	high	11	670.0	0.823	2.634e-17	1.0	137.0	139.0	0.98	1.0	137.0	139.0	0.98	foldseek	protein862866	DNA, RNA and nucleotide metabolism	0.999	0.0	0.0	0.0	0.0	0.999	0.0	0.001	0.0	0.0	0.0	62.5625
1	ETMEFFSM_CDS_0053	22526	20532	-	16	DNA, RNA and nucleotide metabolism	DNA helicase	foldseek	high	11	3350.0	0.793	1.874e-84	1.0	650.0	664.0	0.98	1.0	650.0	664.0	0.98	foldseek	protein401872	DNA, RNA and nucleotide metabolism	0.999	0.0	0.0	0.0	0.001	0.999	0.0	0.0	0.0	0.0	0.0	50.84375
1	ETMEFFSM_CDS_0054	22628	23110	+	2856	transcription regulation	transcriptional regulator	foldseek	high	11	636.0	0.891	5.070e-16	1.0	156.0	160.0	0.97	1.0	156.0	157.0	0.99	foldseek	protein353251	transcription regulation	1.0	0.0	0.0	0.0	0.0	0.0	0.0	1.0	0.0	0.0	0.0	58.53125
1	ETMEFFSM_CDS_0055	23176	24102	+	510	DNA, RNA and nucleotide metabolism	DNA primase	foldseek	high	11	1541.0	0.784	1.186e-38	3.0	308.0	308.0	0.99	7.0	312.0	312.0	0.98	foldseek	protein533097	DNA, RNA and nucleotide metabolism	0.999	0.0	0.0	0.0	0.001	0.999	0.0	0.0	0.0	0.0	0.0	51.1875
1	ETMEFFSM_CDS_0056	24190	26724	+	27367	tail	tail fiber protein	foldseek	high	11	1327.0	0.2	8.732e-24	4.0	844.0	844.0	1.0	1.0	726.0	726.0	1.0	foldseek	protein380486	tail	0.986	0.011	0.0	0.986	0.003	0.0	0.0	0.0	0.0	0.0	0.0	46.03125
1	ETMEFFSM_CDS_0057	27192	26755	-	44	DNA, RNA and nucleotide metabolism	single strand DNA binding protein	foldseek	high	11	746.0	0.783	2.408e-15	3.0	145.0	145.0	0.98	2.0	143.0	143.0	0.99	foldseek	protein697725	DNA, RNA and nucleotide metabolism	1.0	0.0	0.0	0.0	0.0	1.0	0.0	0.0	0.0	0.0	0.0	65.5
1	ETMEFFSM_CDS_0058	27883	27233	-	155	DNA, RNA and nucleotide metabolism	Erf-like ssDNA annealing protein	foldseek	high	11	1124.0	0.736	4.652e-27	1.0	216.0	216.0	1.0	1.0	216.0	216.0	1.0	foldseek	protein51593	DNA, RNA and nucleotide metabolism	0.994	0.0	0.0	0.0	0.0	0.994	0.0	0.0	0.0	0.006	0.0	71.75
1	ETMEFFSM_CDS_0059	28925	27954	-	412	DNA, RNA and nucleotide metabolism	exonuclease VIII	foldseek	high	11	1873.0	0.79	9.994e-46	1.0	320.0	323.0	0.99	1.0	320.0	321.0	0.99	foldseek	protein721462	DNA, RNA and nucleotide metabolism	1.0	0.0	0.0	0.0	0.0	1.0	0.0	0.0	0.0	0.0	0.0	68.5
1	ETMEFFSM_CDS_0060	29123	28929	-	5247	unknown function	hypothetical protein	foldseek	high	11	274.0	0.75	2.522e-06	1.0	64.0	64.0	0.98	1.0	64.0	64.0	0.98	foldseek	protein257377	unknown function	0.0	0.0	0.0	0.0	0.0	0.0	0.0	0.0	0.0	0.0	0.0	59.46875
1	ETMEFFSM_CDS_0061	29117	29209	+	No_PHROG	unknown function	hypothetical protein	none	none	11																										78.3125
1	ETMEFFSM_CDS_0062	29319	29477	+	No_PHROG	unknown function	hypothetical protein	none	none	11																										58.8125
1	ETMEFFSM_CDS_0063	29470	29601	+	No_PHROG	unknown function	hypothetical protein	none	none	11																										50.53125
1	ETMEFFSM_CDS_0064	29664	30353	+	757	other	DNA methyltransferase	foldseek	high	11	1023.0	0.61	5.931e-27	1.0	226.0	229.0	0.98	1.0	226.0	227.0	0.99	foldseek	protein183203	other	1.0	0.0	0.0	0.0	0.0	0.0	0.0	0.0	0.0	1.0	0.0	56.09375
1	ETMEFFSM_CDS_0065	30422	30664	+	4281	unknown function	hypothetical protein	pharokka	pharokka	11																										51.3125
1	ETMEFFSM_CDS_0066	30664	31626	+	1265	moron, auxiliary metabolic gene and host takeover	membrane protein	foldseek	high	11	1017.0	0.628	1.137e-21	1.0	320.0	320.0	1.0	1.0	320.0	320.0	1.0	foldseek	protein818144	moron, auxiliary metabolic gene and host takeover	1.0	0.0	0.0	0.0	1.0	0.0	0.0	0.0	0.0	0.0	0.0	36.59375
1	ETMEFFSM_CDS_0067	35082	31657	-	31	tail	central tail fiber J	foldseek	high	11	6865.0	0.751	0.000e+00	1.0	1141.0	1141.0	1.0	1.0	1128.0	1128.0	1.0	foldseek	protein510339	tail	0.999	0.001	0.0	0.999	0.0	0.0	0.0	0.0	0.0	0.0	0.0	60.375
1	ETMEFFSM_CDS_0068	35698	35123	-	32	tail	tail assembly protein	foldseek	high	11	896.0	0.755	2.429e-22	1.0	191.0	191.0	0.99	2.0	193.0	193.0	0.99	foldseek	protein459390	tail	1.0	0.0	0.0	1.0	0.0	0.0	0.0	0.0	0.0	0.0	0.0	60.3125
1	ETMEFFSM_CDS_0069	36440	35682	-	30	tail	minor tail protein	foldseek	high	11	1631.0	0.781	1.683e-42	1.0	252.0	252.0	1.0	1.0	252.0	252.0	1.0	foldseek	protein539684	tail	1.0	0.0	0.0	1.0	0.0	0.0	0.0	0.0	0.0	0.0	0.0	61.53125
1	ETMEFFSM_CDS_0070	37206	36451	-	18	tail	minor tail protein	foldseek	high	11	1392.0	0.767	2.298e-33	1.0	251.0	251.0	1.0	1.0	254.0	255.0	0.99	foldseek	protein535651	tail	1.0	0.0	0.0	1.0	0.0	0.0	0.0	0.0	0.0	0.0	0.0	56.3125
1	ETMEFFSM_CDS_0071	37593	37246	-	14	tail	minor tail protein	foldseek	high	11	671.0	0.689	1.060e-13	1.0	115.0	115.0	0.99	1.0	116.0	116.0	0.99	foldseek	protein373520	tail	0.982	0.016	0.0	0.982	0.0	0.0	0.0	0.0	0.002	0.0	0.0	63.96875
1	ETMEFFSM_CDS_0072	40597	37625	-	24	tail	tail length tape measure protein	foldseek	high	11	4007.0	0.948	1.191e-80	1.0	989.0	990.0	1.0	1.0	991.0	992.0	1.0	foldseek	protein541522	tail	1.0	0.0	0.0	1.0	0.0	0.0	0.0	0.0	0.0	0.0	0.0	60.59375
1	ETMEFFSM_CDS_0073	40890	40633	-	680	tail	tail length tape measure protein	foldseek	high	11	370.0	0.964	8.565e-09	1.0	84.0	85.0	0.98	19.0	102.0	103.0	0.81	foldseek	protein335048	tail	1.0	0.0	0.0	1.0	0.0	0.0	0.0	0.0	0.0	0.0	0.0	61.3125
1	ETMEFFSM_CDS_0074	41267	40953	-	569	tail	tail length tape measure protein	foldseek	high	11	588.0	0.971	1.111e-14	1.0	104.0	104.0	0.99	1.0	104.0	104.0	0.99	foldseek	protein179253	tail	1.0	0.0	0.0	1.0	0.0	0.0	0.0	0.0	0.0	0.0	0.0	66.9375
1	ETMEFFSM_CDS_0075	41555	41307	-	22925	unknown function	hypothetical protein	foldseek	high	11	316.0	0.938	1.479e-07	1.0	81.0	82.0	0.98	1.0	81.0	82.0	0.98	foldseek	protein661764	unknown function	0.0	0.0	0.0	0.0	0.0	0.0	0.0	0.0	0.0	0.0	0.0	68.625
1	ETMEFFSM_CDS_0076	42322	41672	-	584	tail	major tail protein	foldseek	high	11	1437.0	0.897	2.393e-29	1.0	215.0	216.0	0.99	1.0	215.0	218.0	0.98	foldseek	protein75277	tail	0.998	0.002	0.0	0.998	0.0	0.0	0.001	0.0	0.0	0.0	0.0	56.1875
1	ETMEFFSM_CDS_0077	42739	42338	-	179	connector	tail terminator	foldseek	high	11	802.0	0.932	1.941e-19	1.0	133.0	133.0	0.99	1.0	133.0	133.0	0.99	foldseek	protein163034	connector	0.926	0.072	0.0	0.002	0.0	0.0	0.926	0.0	0.0	0.0	0.0	57.4375
1	ETMEFFSM_CDS_0078	43166	42729	-	169	connector	tail completion or Neck1 protein	foldseek	high	11	740.0	0.93	3.004e-17	1.0	144.0	145.0	0.99	1.0	144.0	145.0	0.99	foldseek	protein52771	connector	1.0	0.0	0.0	0.0	0.0	0.0	1.0	0.0	0.0	0.0	0.0	62.15625
1	ETMEFFSM_CDS_0079	43530	43159	-	161	connector	head closure Hc1	foldseek	high	11	734.0	0.87	4.474e-15	1.0	123.0	123.0	0.99	1.0	123.0	123.0	0.99	foldseek	protein660166	connector	0.983	0.017	0.0	0.0	0.0	0.0	0.983	0.0	0.0	0.0	0.0	62.125
1	ETMEFFSM_CDS_0080	43928	43527	-	302	head and packaging	virion structural protein	foldseek	high	11	602.0	0.879	2.091e-13	1.0	133.0	133.0	0.99	1.0	133.0	133.0	0.99	foldseek	protein543293	head and packaging	1.0	1.0	0.0	0.0	0.0	0.0	0.0	0.0	0.0	0.0	0.0	60.5625
1	ETMEFFSM_CDS_0081	44215	43970	-	2716	head and packaging	prohead	foldseek	high	11	469.0	0.901	9.269e-12	1.0	81.0	81.0	0.99	1.0	81.0	81.0	0.99	foldseek	protein266194	head and packaging	1.0	1.0	0.0	0.0	0.0	0.0	0.0	0.0	0.0	0.0	0.0	66.375
1	ETMEFFSM_CDS_0082	45248	44307	-	264	head and packaging	major head protein	foldseek	high	11	1754.0	0.894	1.992e-45	1.0	313.0	313.0	1.0	1.0	313.0	313.0	1.0	foldseek	protein641911	head and packaging	1.0	1.0	0.0	0.0	0.0	0.0	0.0	0.0	0.0	0.0	0.0	55.03125
1	ETMEFFSM_CDS_0083	45748	45362	-	1989	head and packaging	virion structural protein	foldseek	medium	11	439.0	0.469	9.234e-09	1.0	127.0	128.0	0.98	32.0	161.0	169.0	0.76	foldseek	protein285516	head and packaging	1.0	1.0	0.0	0.0	0.0	0.0	0.0	0.0	0.0	0.0	0.0	52.4375
